asset_id,part_category,assigned_split,object_group_id,local_path,provider,source_dataset,dataset_url,source_relative_path,source_original_split,source_title,description_url,author,credit,license_short_name,license_url,source_sha256,sha256,dhash,modifications
dataset_v2_air_filter_001,air_filter,train,dataset_v2_object_air_filter_001,data/images/dataset_v2/air_filter/dataset_v2_air_filter_001.jpg,Wikimedia Commons,Wikimedia Commons search: air_filter,https://commons.wikimedia.org/,File:NewOne - Air filtration paper 002.jpg,unspecified,File:NewOne - Air filtration paper 002.jpg,https://commons.wikimedia.org/wiki/File:NewOne_-_Air_filtration_paper_002.jpg,Newone,Own work,CC BY-SA 4.0,https://creativecommons.org/licenses/by-sa/4.0,2c9beec4f92b17a61c69d4ffe5b68f7add4aa652eeaf404bebef1cf8b11183b7,0fbc09fa56eef549c24bcc1777fe98f6a9ac4c3e43f14710058dde665a721141,bff5f1d6c7e6e6e7,EXIF orientation applied; RGB conversion; center crop and resize to 224x224; JPEG quality 92.
dataset_v2_air_filter_002,air_filter,train,dataset_v2_object_air_filter_002,data/images/dataset_v2/air_filter/dataset_v2_air_filter_002.jpg,Wikimedia Commons,Wikimedia Commons search: air_filter,https://commons.wikimedia.org/,File:Tagora SX PRV Engine Air filter removed.jpg,unspecified,File:Tagora SX PRV Engine Air filter removed.jpg,https://commons.wikimedia.org/wiki/File:Tagora_SX_PRV_Engine_Air_filter_removed.jpg,Tagoraman,Own work,CC BY-SA 3.0,https://creativecommons.org/licenses/by-sa/3.0,309b78cdbb064eb2cbf88c023fa54458a6fdf5e49cb32c170e324e1110f5ba22,40e61f16110d7830dc3e419a83fa6fa690c507597d7ab6c839ceb94560d238a3,3f9fcbe9c9607030,EXIF orientation applied; RGB conversion; center crop and resize to 224x224; JPEG quality 92.
dataset_v2_air_filter_003,air_filter,train,dataset_v2_object_air_filter_003,data/images/dataset_v2/air_filter/dataset_v2_air_filter_003.jpg,Wikimedia Commons,Wikimedia Commons search: air_filter,https://commons.wikimedia.org/,File:Baumwoll-Sportluftfilter BMW E39 2.JPG,unspecified,File:Baumwoll-Sportluftfilter BMW E39 2.JPG,https://commons.wikimedia.org/wiki/File:Baumwoll-Sportluftfilter_BMW_E39_2.JPG,Fable1981,Own work,CC BY-SA 3.0,https://creativecommons.org/licenses/by-sa/3.0,52712f5e528e17649a6a523ed6f8d04a44357e518f89582c0b3cd3068cd541dc,41256ae3c79b62cd3c1da93d1b0785402b21e325754dc58f47ebd97fd48ba85a,e3e7e7e3e37353c3,EXIF orientation applied; RGB conversion; center crop and resize to 224x224; JPEG quality 92.
dataset_v2_air_filter_004,air_filter,train,dataset_v2_object_air_filter_004,data/images/dataset_v2/air_filter/dataset_v2_air_filter_004.jpg,Wikimedia Commons,Wikimedia Commons search: air_filter,https://commons.wikimedia.org/,File:2008-04-01 Cold air intake tube with filter.jpg,unspecified,File:2008-04-01 Cold air intake tube with filter.jpg,https://commons.wikimedia.org/wiki/File:2008-04-01_Cold_air_intake_tube_with_filter.jpg,Ildar Sagdejev ( Specious ),Own work,CC BY-SA 3.0,https://creativecommons.org/licenses/by-sa/3.0,73f2e8926b8b690841a954f49ffa2b368f947a00632ffa7adb8620573ae16041,7961b4baca1537a793fa5498068580c3d3a1d721de6eab9cf1836d6427a8886d,82233373b7b3b0c0,EXIF orientation applied; RGB conversion; center crop and resize to 224x224; JPEG quality 92.
dataset_v2_air_filter_005,air_filter,train,dataset_v2_object_air_filter_005,data/images/dataset_v2/air_filter/dataset_v2_air_filter_005.jpg,Wikimedia Commons,Wikimedia Commons search: air_filter,https://commons.wikimedia.org/,File:Air filter for Toyota 1KR-FE.jpg,unspecified,File:Air filter for Toyota 1KR-FE.jpg,https://commons.wikimedia.org/wiki/File:Air_filter_for_Toyota_1KR-FE.jpg,Ilya Plekhanov,Own work,CC BY-SA 3.0,https://creativecommons.org/licenses/by-sa/3.0,91c836cb3134d47f9a78c44b3021bf1103e570462f2e1ead91f99f2821848472,1a8e009e6e0223c4c63ecdb8c80312e60aea9de76512b69b8d0f24bb1b552117,fefef8e000000610,EXIF orientation applied; RGB conversion; center crop and resize to 224x224; JPEG quality 92.
dataset_v2_alternator_001,alternator,train,dataset_v2_object_alternator_001,data/images/dataset_v2/alternator/dataset_v2_alternator_001.jpg,Kaggle,gpiosenka/car-parts-40-classes,https://www.kaggle.com/datasets/gpiosenka/car-parts-40-classes,car parts/train/ALTERNATOR/033.jpg,train,033.jpg,https://www.kaggle.com/datasets/gpiosenka/car-parts-40-classes,Gpiosenka dataset contributor,50 Types of Car Parts dataset on Kaggle,Apache-2.0,https://www.apache.org/licenses/LICENSE-2.0,002df20271d4f76b27a572689772af86c75a8e34bfec588bfa7595c8dd2e2b40,cb2e1ab6612503f9b6de3b21cbb30f24b30ff3fcd70858143d42e2f6c0f8e739,96cac130f098f8f8,EXIF orientation applied; RGB conversion; center crop and resize to 224x224; JPEG quality 92.
dataset_v2_alternator_002,alternator,train,dataset_v2_object_alternator_002,data/images/dataset_v2/alternator/dataset_v2_alternator_002.jpg,Kaggle,gpiosenka/car-parts-40-classes,https://www.kaggle.com/datasets/gpiosenka/car-parts-40-classes,car parts/train/ALTERNATOR/052.jpg,train,052.jpg,https://www.kaggle.com/datasets/gpiosenka/car-parts-40-classes,Gpiosenka dataset contributor,50 Types of Car Parts dataset on Kaggle,Apache-2.0,https://www.apache.org/licenses/LICENSE-2.0,00d3348a1c23006af4d01a3316968803c5d367a8cad96f5a301160f0a71f0a00,fc1906048636aaffac23d2173da98fd3297b0957f0dc2e484be41c29dd9804c9,61f1d8c8d49c8d93,EXIF orientation applied; RGB conversion; center crop and resize to 224x224; JPEG quality 92.
dataset_v2_alternator_003,alternator,train,dataset_v2_object_alternator_003,data/images/dataset_v2/alternator/dataset_v2_alternator_003.jpg,Kaggle,gpiosenka/car-parts-40-classes,https://www.kaggle.com/datasets/gpiosenka/car-parts-40-classes,car parts/train/ALTERNATOR/173.jpg,train,173.jpg,https://www.kaggle.com/datasets/gpiosenka/car-parts-40-classes,Gpiosenka dataset contributor,50 Types of Car Parts dataset on Kaggle,Apache-2.0,https://www.apache.org/licenses/LICENSE-2.0,00d621dd40f29fdc30ba78fd759aa85d72f2ef42cdd1f2030101315712682035,f6d3c579bb0394f920beb3343b230519776f592556dc1c8c59045d8ec979e232,41e0e0f0f070f1b9,EXIF orientation applied; RGB conversion; center crop and resize to 224x224; JPEG quality 92.
dataset_v2_alternator_004,alternator,train,dataset_v2_object_alternator_004,data/images/dataset_v2/alternator/dataset_v2_alternator_004.jpg,Kaggle,gpiosenka/car-parts-40-classes,https://www.kaggle.com/datasets/gpiosenka/car-parts-40-classes,car parts/train/ALTERNATOR/015.jpg,train,015.jpg,https://www.kaggle.com/datasets/gpiosenka/car-parts-40-classes,Gpiosenka dataset contributor,50 Types of Car Parts dataset on Kaggle,Apache-2.0,https://www.apache.org/licenses/LICENSE-2.0,017a9fdf2337bf779978a5e7008b57024ef7ff13633e0541af2bf6528b3308f1,fa00fb607954cdc930e0f2ec7f456b387cf217dd7712eeb123e500f7964268e4,003b7b336373171f,EXIF orientation applied; RGB conversion; center crop and resize to 224x224; JPEG quality 92.
dataset_v2_alternator_005,alternator,train,dataset_v2_object_alternator_005,data/images/dataset_v2/alternator/dataset_v2_alternator_005.jpg,Kaggle,gpiosenka/car-parts-40-classes,https://www.kaggle.com/datasets/gpiosenka/car-parts-40-classes,car parts/train/ALTERNATOR/182.jpg,train,182.jpg,https://www.kaggle.com/datasets/gpiosenka/car-parts-40-classes,Gpiosenka dataset contributor,50 Types of Car Parts dataset on Kaggle,Apache-2.0,https://www.apache.org/licenses/LICENSE-2.0,029a26ad6ec8d998f7fc0cef9e79d94baadac2d1c03074ece9a384c8cda4e8f9,598ce7965809a06f71f3f9c3fa6b4b8626c241ef1866ddf642b25eea58cda121,060725390f0f0f04,EXIF orientation applied; RGB conversion; center crop and resize to 224x224; JPEG quality 92.
dataset_v2_brake_disc_001,brake_disc,train,dataset_v2_object_brake_disc_001,data/images/dataset_v2/brake_disc/dataset_v2_brake_disc_001.jpg,Kaggle,gpiosenka/car-parts-40-classes,https://www.kaggle.com/datasets/gpiosenka/car-parts-40-classes,car parts/train/BRAKE ROTOR/082.jpg,train,082.jpg,https://www.kaggle.com/datasets/gpiosenka/car-parts-40-classes,Gpiosenka dataset contributor,50 Types of Car Parts dataset on Kaggle,Apache-2.0,https://www.apache.org/licenses/LICENSE-2.0,0051ef10219e62aaf5018e58fb898343d4ae054ebde269e49d104b3b037f0892,4234f00bbb16bd2e5c285cb8db47eec7209a90764d3d8082eecdeff73072c015,e0cc8a8a9a928cc0,EXIF orientation applied; RGB conversion; center crop and resize to 224x224; JPEG quality 92.
dataset_v2_brake_disc_002,brake_disc,train,dataset_v2_object_brake_disc_002,data/images/dataset_v2/brake_disc/dataset_v2_brake_disc_002.jpg,Kaggle,gpiosenka/car-parts-40-classes,https://www.kaggle.com/datasets/gpiosenka/car-parts-40-classes,car parts/train/BRAKE ROTOR/004.jpg,train,004.jpg,https://www.kaggle.com/datasets/gpiosenka/car-parts-40-classes,Gpiosenka dataset contributor,50 Types of Car Parts dataset on Kaggle,Apache-2.0,https://www.apache.org/licenses/LICENSE-2.0,00d76c351a26e20977d9db98c333876dbbc23ce2c4e8fed721ec86e185340a12,554f4f7838fd50b7ff58b068acba4812903640f8ed1115ceb994d535a051bdf9,0e0f1333179e7137,EXIF orientation applied; RGB conversion; center crop and resize to 224x224; JPEG quality 92.
dataset_v2_brake_disc_003,brake_disc,train,dataset_v2_object_brake_disc_003,data/images/dataset_v2/brake_disc/dataset_v2_brake_disc_003.jpg,Kaggle,gpiosenka/car-parts-40-classes,https://www.kaggle.com/datasets/gpiosenka/car-parts-40-classes,car parts/train/BRAKE ROTOR/070.jpg,train,070.jpg,https://www.kaggle.com/datasets/gpiosenka/car-parts-40-classes,Gpiosenka dataset contributor,50 Types of Car Parts dataset on Kaggle,Apache-2.0,https://www.apache.org/licenses/LICENSE-2.0,021bb50f02b57ad1b406f139f5a7b2489091e366cb3ce2c6e129e08bc347e6ba,fc7b96c3f310de72134e4a0ff874370009312a60af8cbe06a2d0e37b3d52b33a,c08888990b028c61,EXIF orientation applied; RGB conversion; center crop and resize to 224x224; JPEG quality 92.
dataset_v2_brake_disc_004,brake_disc,train,dataset_v2_object_brake_disc_004,data/images/dataset_v2/brake_disc/dataset_v2_brake_disc_004.jpg,Kaggle,gpiosenka/car-parts-40-classes,https://www.kaggle.com/datasets/gpiosenka/car-parts-40-classes,car parts/train/BRAKE ROTOR/002.jpg,train,002.jpg,https://www.kaggle.com/datasets/gpiosenka/car-parts-40-classes,Gpiosenka dataset contributor,50 Types of Car Parts dataset on Kaggle,Apache-2.0,https://www.apache.org/licenses/LICENSE-2.0,033b4f330162502356e67c9e1d270c246f264b8a7796de23c07decd5447ce45f,560b2085be5a867c77bd1bf0c21bc6cc7341744226a98ddedbe4bf67a6813fb6,f09c961216968cad,EXIF orientation applied; RGB conversion; center crop and resize to 224x224; JPEG quality 92.
dataset_v2_brake_disc_005,brake_disc,train,dataset_v2_object_brake_disc_005,data/images/dataset_v2/brake_disc/dataset_v2_brake_disc_005.jpg,Kaggle,gpiosenka/car-parts-40-classes,https://www.kaggle.com/datasets/gpiosenka/car-parts-40-classes,car parts/train/BRAKE ROTOR/142.jpg,train,142.jpg,https://www.kaggle.com/datasets/gpiosenka/car-parts-40-classes,Gpiosenka dataset contributor,50 Types of Car Parts dataset on Kaggle,Apache-2.0,https://www.apache.org/licenses/LICENSE-2.0,038ca0b0db70e4f1613639082d61435dcb6474dc0558cd580b8eb35e9cc13dfd,045942b55c47b1544bc0501761828ed948efcb90c4b7b9ca8d065d189c685896,0713133123050f0f,EXIF orientation applied; RGB conversion; center crop and resize to 224x224; JPEG quality 92.
dataset_v2_brake_pad_001,brake_pad,train,dataset_v2_object_brake_pad_001,data/images/dataset_v2/brake_pad/dataset_v2_brake_pad_001.jpg,Kaggle,gpiosenka/car-parts-40-classes,https://www.kaggle.com/datasets/gpiosenka/car-parts-40-classes,car parts/train/BRAKE PAD/096.jpg,train,096.jpg,https://www.kaggle.com/datasets/gpiosenka/car-parts-40-classes,Gpiosenka dataset contributor,50 Types of Car Parts dataset on Kaggle,Apache-2.0,https://www.apache.org/licenses/LICENSE-2.0,02295bf80d9b06beb4bc97ed7f22ccfb2101b89f972b3f8919c317973de366c4,5c09739707bc417ad697c10db3d7b73817d5ffbe3a44812861ffb4eee1d55b7d,0f1f1b37374e1313,EXIF orientation applied; RGB conversion; center crop and resize to 224x224; JPEG quality 92.
dataset_v2_brake_pad_002,brake_pad,train,dataset_v2_object_brake_pad_002,data/images/dataset_v2/brake_pad/dataset_v2_brake_pad_002.jpg,Kaggle,gpiosenka/car-parts-40-classes,https://www.kaggle.com/datasets/gpiosenka/car-parts-40-classes,car parts/train/BRAKE PAD/106.jpg,train,106.jpg,https://www.kaggle.com/datasets/gpiosenka/car-parts-40-classes,Gpiosenka dataset contributor,50 Types of Car Parts dataset on Kaggle,Apache-2.0,https://www.apache.org/licenses/LICENSE-2.0,02a135af79c81da9dade5fe64ed3f6a1f1f75e8aebd8850e79784112a35358ea,b27ec1c978ad1c34a965fda37e0a9a820dd92052b7dd81163da17c803fe585ff,0e0f2b69e8690f33,EXIF orientation applied; RGB conversion; center crop and resize to 224x224; JPEG quality 92.
dataset_v2_brake_pad_003,brake_pad,train,dataset_v2_object_brake_pad_003,data/images/dataset_v2/brake_pad/dataset_v2_brake_pad_003.jpg,Kaggle,gpiosenka/car-parts-40-classes,https://www.kaggle.com/datasets/gpiosenka/car-parts-40-classes,car parts/train/BRAKE PAD/141.jpg,train,141.jpg,https://www.kaggle.com/datasets/gpiosenka/car-parts-40-classes,Gpiosenka dataset contributor,50 Types of Car Parts dataset on Kaggle,Apache-2.0,https://www.apache.org/licenses/LICENSE-2.0,02ec43b4c96fe78e84e16a52c683dbb323a1af991c4abd78882a977f011fd9c7,478cac12150ac552d7e60f6496f774e94d6083a1e956672106cd303373e781bb,f7efcfcfec6d2f0f,EXIF orientation applied; RGB conversion; center crop and resize to 224x224; JPEG quality 92.
dataset_v2_brake_pad_004,brake_pad,train,dataset_v2_object_brake_pad_004,data/images/dataset_v2/brake_pad/dataset_v2_brake_pad_004.jpg,Kaggle,gpiosenka/car-parts-40-classes,https://www.kaggle.com/datasets/gpiosenka/car-parts-40-classes,car parts/train/BRAKE PAD/003.jpg,train,003.jpg,https://www.kaggle.com/datasets/gpiosenka/car-parts-40-classes,Gpiosenka dataset contributor,50 Types of Car Parts dataset on Kaggle,Apache-2.0,https://www.apache.org/licenses/LICENSE-2.0,036f30cc4efbb9a3223f94848c13922eaef60f96d813d06cd579e8cf6d5e7bc3,f7fdb9aa1d817e73cc9b5fc74029c2bb2a8d828dda23b5b34f6cae546871ab4e,12193b3f33470e1c,EXIF orientation applied; RGB conversion; center crop and resize to 224x224; JPEG quality 92.
dataset_v2_brake_pad_005,brake_pad,train,dataset_v2_object_brake_pad_005,data/images/dataset_v2/brake_pad/dataset_v2_brake_pad_005.jpg,Kaggle,gpiosenka/car-parts-40-classes,https://www.kaggle.com/datasets/gpiosenka/car-parts-40-classes,car parts/train/BRAKE PAD/157.jpg,train,157.jpg,https://www.kaggle.com/datasets/gpiosenka/car-parts-40-classes,Gpiosenka dataset contributor,50 Types of Car Parts dataset on Kaggle,Apache-2.0,https://www.apache.org/licenses/LICENSE-2.0,03f68e90ae55ebc724488b2c1982367bc943f62ae1fbe837cff8dec64c01b405,32676b100428dc8ba71f2c75bfbcfa88d4bfe5978d9230e104969aaea391cdb5,0f0f13054c4d1333,EXIF orientation applied; RGB conversion; center crop and resize to 224x224; JPEG quality 92.
dataset_v2_coil_spring_001,coil_spring,train,dataset_v2_object_coil_spring_001,data/images/dataset_v2/coil_spring/dataset_v2_coil_spring_001.jpg,Kaggle,gpiosenka/car-parts-40-classes,https://www.kaggle.com/datasets/gpiosenka/car-parts-40-classes,car parts/train/COIL SPRING/118.jpg,train,118.jpg,https://www.kaggle.com/datasets/gpiosenka/car-parts-40-classes,Gpiosenka dataset contributor,50 Types of Car Parts dataset on Kaggle,Apache-2.0,https://www.apache.org/licenses/LICENSE-2.0,01b45a06054e1cd56fcea9950f2de1440eb0771a579b32fd5907fbee5503bd17,8f697a0c1d7c57aba9538eefc29b4c231b141a55b3e431bd4ab4e50c5ce9a495,1707272b1b3b3935,EXIF orientation applied; RGB conversion; center crop and resize to 224x224; JPEG quality 92.
dataset_v2_coil_spring_002,coil_spring,train,dataset_v2_object_coil_spring_002,data/images/dataset_v2/coil_spring/dataset_v2_coil_spring_002.jpg,Kaggle,gpiosenka/car-parts-40-classes,https://www.kaggle.com/datasets/gpiosenka/car-parts-40-classes,car parts/train/COIL SPRING/031.jpg,train,031.jpg,https://www.kaggle.com/datasets/gpiosenka/car-parts-40-classes,Gpiosenka dataset contributor,50 Types of Car Parts dataset on Kaggle,Apache-2.0,https://www.apache.org/licenses/LICENSE-2.0,045f0a0c10e742298cd83a0356ea04d8d392b535615c3f2cd7f4d84e98de8847,20b64b7e063686316adc328e301f909e64a7d672694fc13140fa3b0152dd13b7,fcfeeeeecc96ffff,EXIF orientation applied; RGB conversion; center crop and resize to 224x224; JPEG quality 92.
dataset_v2_coil_spring_003,coil_spring,train,dataset_v2_object_coil_spring_003,data/images/dataset_v2/coil_spring/dataset_v2_coil_spring_003.jpg,Kaggle,gpiosenka/car-parts-40-classes,https://www.kaggle.com/datasets/gpiosenka/car-parts-40-classes,car parts/train/COIL SPRING/076.jpg,train,076.jpg,https://www.kaggle.com/datasets/gpiosenka/car-parts-40-classes,Gpiosenka dataset contributor,50 Types of Car Parts dataset on Kaggle,Apache-2.0,https://www.apache.org/licenses/LICENSE-2.0,05844896ff07f76c9bfbbc93668494125392eec3b0e655f0cc8da5c7c75593b7,7e53ee09cc583f6a1030f5b505cb22beb199d9a463cfbba5329c14960d7df7a5,0f0b0b0b0b030303,EXIF orientation applied; RGB conversion; center crop and resize to 224x224; JPEG quality 92.
dataset_v2_coil_spring_004,coil_spring,train,dataset_v2_object_coil_spring_004,data/images/dataset_v2/coil_spring/dataset_v2_coil_spring_004.jpg,Kaggle,gpiosenka/car-parts-40-classes,https://www.kaggle.com/datasets/gpiosenka/car-parts-40-classes,car parts/train/COIL SPRING/011.jpg,train,011.jpg,https://www.kaggle.com/datasets/gpiosenka/car-parts-40-classes,Gpiosenka dataset contributor,50 Types of Car Parts dataset on Kaggle,Apache-2.0,https://www.apache.org/licenses/LICENSE-2.0,05d0ef29e06dafed2cd3c94e45e771719a969dd4c0d66f4cb8fe1d4d8ce87d5f,eef679eb525200884d461b69134da8b5963e9a0e035e3afc52c223bdb3805629,612141465c0f1b13,EXIF orientation applied; RGB conversion; center crop and resize to 224x224; JPEG quality 92.
dataset_v2_coil_spring_005,coil_spring,train,dataset_v2_object_coil_spring_005,data/images/dataset_v2/coil_spring/dataset_v2_coil_spring_005.jpg,Kaggle,gpiosenka/car-parts-40-classes,https://www.kaggle.com/datasets/gpiosenka/car-parts-40-classes,car parts/train/COIL SPRING/016.jpg,train,016.jpg,https://www.kaggle.com/datasets/gpiosenka/car-parts-40-classes,Gpiosenka dataset contributor,50 Types of Car Parts dataset on Kaggle,Apache-2.0,https://www.apache.org/licenses/LICENSE-2.0,07068ef904fc9317f5e373accdb5dab049832dede719791cc4546cc997695270,86985c83b4ec565067a084d21f84d97b36eb5cb0a6af6a2386a6c233c47e3f11,76dcf1f0ecbccccc,EXIF orientation applied; RGB conversion; center crop and resize to 224x224; JPEG quality 92.
dataset_v2_headlight_001,headlight,train,dataset_v2_object_headlight_001,data/images/dataset_v2/headlight/dataset_v2_headlight_001.jpg,Kaggle,gpiosenka/car-parts-40-classes,https://www.kaggle.com/datasets/gpiosenka/car-parts-40-classes,car parts/train/HEADLIGHTS/090.jpg,train,090.jpg,https://www.kaggle.com/datasets/gpiosenka/car-parts-40-classes,Gpiosenka dataset contributor,50 Types of Car Parts dataset on Kaggle,Apache-2.0,https://www.apache.org/licenses/LICENSE-2.0,000baab9c64f2c30987d75b589768425a3c6319283cbc13fd5768787aded0439,79ff4c01bbe46b1de2eeffc4ec6bfa572984814d7880686c86d8159e444d757f,3970f9f6b0b89024,EXIF orientation applied; RGB conversion; center crop and resize to 224x224; JPEG quality 92.
dataset_v2_headlight_002,headlight,train,dataset_v2_object_headlight_002,data/images/dataset_v2/headlight/dataset_v2_headlight_002.jpg,Kaggle,gpiosenka/car-parts-40-classes,https://www.kaggle.com/datasets/gpiosenka/car-parts-40-classes,car parts/train/HEADLIGHTS/153.jpg,train,153.jpg,https://www.kaggle.com/datasets/gpiosenka/car-parts-40-classes,Gpiosenka dataset contributor,50 Types of Car Parts dataset on Kaggle,Apache-2.0,https://www.apache.org/licenses/LICENSE-2.0,0109b2b3af512dd21e73293316937140b5b3049a65195399c4e6842a7fe4d049,d61ad56847313c5149e08b87ab6adcb32addf4eec820ffb5d622f3831d214a54,3771f0f0f0f0f0f1,EXIF orientation applied; RGB conversion; center crop and resize to 224x224; JPEG quality 92.
dataset_v2_headlight_003,headlight,train,dataset_v2_object_headlight_003,data/images/dataset_v2/headlight/dataset_v2_headlight_003.jpg,Kaggle,gpiosenka/car-parts-40-classes,https://www.kaggle.com/datasets/gpiosenka/car-parts-40-classes,car parts/train/HEADLIGHTS/012.jpg,train,012.jpg,https://www.kaggle.com/datasets/gpiosenka/car-parts-40-classes,Gpiosenka dataset contributor,50 Types of Car Parts dataset on Kaggle,Apache-2.0,https://www.apache.org/licenses/LICENSE-2.0,02d9fe48c5f9d3ad3b922087dd5b35151ff98ffcb99a4bc86b2bc5880e38b628,fa7504fca8bd7361aa47f3f3831ccc7b199a8c481d7db643cba1288581456a69,0e0e1e0c0c599e9c,EXIF orientation applied; RGB conversion; center crop and resize to 224x224; JPEG quality 92.
dataset_v2_headlight_004,headlight,train,dataset_v2_object_headlight_004,data/images/dataset_v2/headlight/dataset_v2_headlight_004.jpg,Kaggle,gpiosenka/car-parts-40-classes,https://www.kaggle.com/datasets/gpiosenka/car-parts-40-classes,car parts/train/HEADLIGHTS/097.jpg,train,097.jpg,https://www.kaggle.com/datasets/gpiosenka/car-parts-40-classes,Gpiosenka dataset contributor,50 Types of Car Parts dataset on Kaggle,Apache-2.0,https://www.apache.org/licenses/LICENSE-2.0,05069dfa75ed52324449a0098d564547cdcfe22cdf2de9087b6ebf6013c9fc20,2a1f4d97dabb9d9242b82ccd147d2b1db63cf2a175d20780be82d5b736962ce9,e090e0c8ccd9dad9,EXIF orientation applied; RGB conversion; center crop and resize to 224x224; JPEG quality 92.
dataset_v2_headlight_005,headlight,train,dataset_v2_object_headlight_005,data/images/dataset_v2/headlight/dataset_v2_headlight_005.jpg,Kaggle,gpiosenka/car-parts-40-classes,https://www.kaggle.com/datasets/gpiosenka/car-parts-40-classes,car parts/train/HEADLIGHTS/055.jpg,train,055.jpg,https://www.kaggle.com/datasets/gpiosenka/car-parts-40-classes,Gpiosenka dataset contributor,50 Types of Car Parts dataset on Kaggle,Apache-2.0,https://www.apache.org/licenses/LICENSE-2.0,053da18a58c86fa1483f2b9349c695a63a1e166c7cfd40e9a8f52fe8651dcd5d,d95b6b31cbdb4ea17e4723b839445d5b608b829e827122a6d086280ef5834ab6,74ececcea6a4e8e0,EXIF orientation applied; RGB conversion; center crop and resize to 224x224; JPEG quality 92.
dataset_v2_oil_filter_001,oil_filter,train,dataset_v2_object_oil_filter_001,data/images/dataset_v2/oil_filter/dataset_v2_oil_filter_001.jpg,Kaggle,gpiosenka/car-parts-40-classes,https://www.kaggle.com/datasets/gpiosenka/car-parts-40-classes,car parts/train/OIL FILTER/004.jpg,train,004.jpg,https://www.kaggle.com/datasets/gpiosenka/car-parts-40-classes,Gpiosenka dataset contributor,50 Types of Car Parts dataset on Kaggle,Apache-2.0,https://www.apache.org/licenses/LICENSE-2.0,0122d5645fb4dbd208c7836d015559715ce9294de0eb401922aad1ad92227862,0127222b61b29a6535d4c49c44e109e7c6c655ac4d9a568bf43866acda4125c7,0561e1b133130303,EXIF orientation applied; RGB conversion; center crop and resize to 224x224; JPEG quality 92.
dataset_v2_oil_filter_002,oil_filter,train,dataset_v2_object_oil_filter_002,data/images/dataset_v2/oil_filter/dataset_v2_oil_filter_002.jpg,Kaggle,gpiosenka/car-parts-40-classes,https://www.kaggle.com/datasets/gpiosenka/car-parts-40-classes,car parts/train/OIL FILTER/074.jpg,train,074.jpg,https://www.kaggle.com/datasets/gpiosenka/car-parts-40-classes,Gpiosenka dataset contributor,50 Types of Car Parts dataset on Kaggle,Apache-2.0,https://www.apache.org/licenses/LICENSE-2.0,029b9e76b637c7ccf54b01d4c7460e1286386f8fcfd7c520aeb970c563ecc2af,3b05477a0c460987ed16af5eaeb8d93c50070fefc2691da848f05deaa93aaf9f,070319118f27260e,EXIF orientation applied; RGB conversion; center crop and resize to 224x224; JPEG quality 92.
dataset_v2_oil_filter_003,oil_filter,train,dataset_v2_object_oil_filter_003,data/images/dataset_v2/oil_filter/dataset_v2_oil_filter_003.jpg,Kaggle,gpiosenka/car-parts-40-classes,https://www.kaggle.com/datasets/gpiosenka/car-parts-40-classes,car parts/train/OIL FILTER/010.jpg,train,010.jpg,https://www.kaggle.com/datasets/gpiosenka/car-parts-40-classes,Gpiosenka dataset contributor,50 Types of Car Parts dataset on Kaggle,Apache-2.0,https://www.apache.org/licenses/LICENSE-2.0,0b75e0ca4f8a3b9b6dc615d912233e765f8f35bf73d6b2e7b6b7af188a49b79a,0675d4b3ddc2efca15ab18eb079829bde1bc9273c1b0e4aa62646f3f60b87585,3c1fc7f399090303,EXIF orientation applied; RGB conversion; center crop and resize to 224x224; JPEG quality 92.
dataset_v2_oil_filter_004,oil_filter,train,dataset_v2_object_oil_filter_004,data/images/dataset_v2/oil_filter/dataset_v2_oil_filter_004.jpg,Kaggle,gpiosenka/car-parts-40-classes,https://www.kaggle.com/datasets/gpiosenka/car-parts-40-classes,car parts/train/OIL FILTER/132.jpg,train,132.jpg,https://www.kaggle.com/datasets/gpiosenka/car-parts-40-classes,Gpiosenka dataset contributor,50 Types of Car Parts dataset on Kaggle,Apache-2.0,https://www.apache.org/licenses/LICENSE-2.0,0f18f6caa28c8d4d8a41faff48eaa524e7460946b14d3bf61c00778b6581482d,aa6660e9f5af7f12da05a9a7d07a1bc1d2a2d3332568ce7f52974ed03983961f,81c098e1c1f3c3d3,EXIF orientation applied; RGB conversion; center crop and resize to 224x224; JPEG quality 92.
dataset_v2_oil_filter_005,oil_filter,train,dataset_v2_object_oil_filter_005,data/images/dataset_v2/oil_filter/dataset_v2_oil_filter_005.jpg,Kaggle,gpiosenka/car-parts-40-classes,https://www.kaggle.com/datasets/gpiosenka/car-parts-40-classes,car parts/train/OIL FILTER/093.jpg,train,093.jpg,https://www.kaggle.com/datasets/gpiosenka/car-parts-40-classes,Gpiosenka dataset contributor,50 Types of Car Parts dataset on Kaggle,Apache-2.0,https://www.apache.org/licenses/LICENSE-2.0,1036480446be9b8f4bb6a121aad5068229fececb6fbb5a67d52ecd815d1ee5b0,1584319bfd6fa551a058a22b507dbac577ea93fb78051e80b2fc0e1528d30237,f06c65676765650f,EXIF orientation applied; RGB conversion; center crop and resize to 224x224; JPEG quality 92.
dataset_v2_shock_absorber_001,shock_absorber,train,dataset_v2_object_shock_absorber_fiat_panda_2003,data/images/dataset_v2/shock_absorber/dataset_v2_shock_absorber_001.jpg,Wikimedia Commons,Wikimedia Commons automotive shock-absorber review set,https://commons.wikimedia.org/wiki/Category:Automobile_shock_absorbers,"File:"" 13 - ITALY - Fiat Panda 2003 suspension shock absorbers - Automotive suspension technologies and disk brake.JPG",unspecified,"File:"" 13 - ITALY - Fiat Panda 2003 suspension shock absorbers - Automotive suspension technologies and disk brake.JPG",https://commons.wikimedia.org/wiki/File:%22_13_-_ITALY_-_Fiat_Panda_2003_suspension_shock_absorbers_-_Automotive_suspension_technologies_and_disk_brake.JPG,Pava,Own work,CC BY-SA 3.0 IT,https://creativecommons.org/licenses/by-sa/3.0/it/deed.en,8ccde1a48ae931e75ad17c8a5e2ba4bbc113c5ff083c16d4e98c0a96d4ed85be,9c25dd5eceac66ecac951f943a2b16544fa675ec361c69d636e4ffe8a3031f4d,8e9f9b999b1b160c,EXIF orientation applied; transparency composited on white; RGB conversion; center crop and resize to 224x224; JPEG quality 92; low-information content validation passed.
dataset_v2_shock_absorber_002,shock_absorber,train,dataset_v2_object_shock_absorber_aston_martin_1923,data/images/dataset_v2/shock_absorber/dataset_v2_shock_absorber_002.jpg,Wikimedia Commons,Wikimedia Commons automotive shock-absorber review set,https://commons.wikimedia.org/wiki/Category:Automobile_shock_absorbers,File:1923 Aston Martin Razor Blade team car in Morges 2013 - Right friction disk shock absorber closeup.jpg,unspecified,File:1923 Aston Martin Razor Blade team car in Morges 2013 - Right friction disk shock absorber closeup.jpg,https://commons.wikimedia.org/wiki/File:1923_Aston_Martin_Razor_Blade_team_car_in_Morges_2013_-_Right_friction_disk_shock_absorber_closeup.jpg,Akela NDE,Own work,CC BY-SA 2.0 FR,https://creativecommons.org/licenses/by-sa/2.0/fr/deed.en,bc0080da8c2931baf2e082fac83c60ff48b9253db121247e51cdb021b042d5c2,48b7fea67d50dc26255956261d86b3b59b9fa2834421de0e1e05c3f44aaa5b9e,e1c2da7c39fdfbfb,EXIF orientation applied; transparency composited on white; RGB conversion; center crop and resize to 224x224; JPEG quality 92; low-information content validation passed.
dataset_v2_shock_absorber_003,shock_absorber,train,dataset_v2_object_shock_absorber_andre_hartford,data/images/dataset_v2/shock_absorber/dataset_v2_shock_absorber_003.jpg,Wikimedia Commons,Wikimedia Commons automotive shock-absorber review set,https://commons.wikimedia.org/wiki/Category:Automobile_shock_absorbers,File:Andre Hartford shock absorber - Morges 2021.jpg,unspecified,File:Andre Hartford shock absorber - Morges 2021.jpg,https://commons.wikimedia.org/wiki/File:Andre_Hartford_shock_absorber_-_Morges_2021.jpg,Akela NDE,Own work,CC BY-SA 2.0 FR,https://creativecommons.org/licenses/by-sa/2.0/fr/deed.en,ed65eded681bc18ba32467de8966b93a1a34d0ca910aaa56e13e1347f81e664b,b4e137d9ce9bbc00431752eaabb46ce32b18ee2607f86b479ff12a8971bad484,c60563f37306f3f3,EXIF orientation applied; transparency composited on white; RGB conversion; center crop and resize to 224x224; JPEG quality 92; low-information content validation passed.
dataset_v2_shock_absorber_004,shock_absorber,train,dataset_v2_object_shock_absorber_gaz_m21_series,data/images/dataset_v2/shock_absorber/dataset_v2_shock_absorber_004.jpg,Wikimedia Commons,Wikimedia Commons automotive shock-absorber review set,https://commons.wikimedia.org/wiki/Category:Automobile_shock_absorbers,File:GAZ M-21 hydraulic lever arm shock absorber.jpg,unspecified,File:GAZ M-21 hydraulic lever arm shock absorber.jpg,https://commons.wikimedia.org/wiki/File:GAZ_M-21_hydraulic_lever_arm_shock_absorber.jpg,DL24,Own work,CC0 1.0,https://creativecommons.org/publicdomain/zero/1.0/,0323e8c02d141a00d211303b34c5c37cf3afa1f3e6fa3e9d7f968fd38b2bc732,6ffffc92f0fc8665d4efaece678ae50710be6760a891d5f7a3b4a10705c6f8d4,9e9a1072335dd97d,EXIF orientation applied; transparency composited on white; RGB conversion; center crop and resize to 224x224; JPEG quality 92; low-information content validation passed.
dataset_v2_shock_absorber_005,shock_absorber,train,dataset_v2_object_shock_absorber_gaz_m21_series,data/images/dataset_v2/shock_absorber/dataset_v2_shock_absorber_005.jpg,Wikimedia Commons,Wikimedia Commons automotive shock-absorber review set,https://commons.wikimedia.org/wiki/Category:Automobile_shock_absorbers,File:M-21I rear shock absorber dismantled for maintenance.jpg,unspecified,File:M-21I rear shock absorber dismantled for maintenance.jpg,https://commons.wikimedia.org/wiki/File:M-21I_rear_shock_absorber_dismantled_for_maintenance.jpg,DL24,Own work,CC0 1.0,https://creativecommons.org/publicdomain/zero/1.0/,4f7c9dcf678e027a691585df63baa94c0f4ae46759a893febd21c49cf8b782c2,7222b550bafeaa61eb30d845c372fde4938dba01a38eb5c0c2a77a00a1834145,fc9c8c160680e084,EXIF orientation applied; transparency composited on white; RGB conversion; center crop and resize to 224x224; JPEG quality 92; low-information content validation passed.
dataset_v2_starter_001,starter,train,dataset_v2_object_starter_001,data/images/dataset_v2/starter/dataset_v2_starter_001.jpg,Kaggle,gpiosenka/car-parts-40-classes,https://www.kaggle.com/datasets/gpiosenka/car-parts-40-classes,car parts/train/STARTER/150.jpg,train,150.jpg,https://www.kaggle.com/datasets/gpiosenka/car-parts-40-classes,Gpiosenka dataset contributor,50 Types of Car Parts dataset on Kaggle,Apache-2.0,https://www.apache.org/licenses/LICENSE-2.0,001f9679d84028294e1cf8d6843913d468c8c872ff824f0b75b44d63653c424a,ff9921cf63a8d037379b7618305eb815882fb8a0e527685cd3f8b95278ced7b5,07332707030d1111,EXIF orientation applied; RGB conversion; center crop and resize to 224x224; JPEG quality 92.
dataset_v2_starter_002,starter,train,dataset_v2_object_starter_002,data/images/dataset_v2/starter/dataset_v2_starter_002.jpg,Kaggle,gpiosenka/car-parts-40-classes,https://www.kaggle.com/datasets/gpiosenka/car-parts-40-classes,car parts/train/STARTER/039.jpg,train,039.jpg,https://www.kaggle.com/datasets/gpiosenka/car-parts-40-classes,Gpiosenka dataset contributor,50 Types of Car Parts dataset on Kaggle,Apache-2.0,https://www.apache.org/licenses/LICENSE-2.0,01e7e02d001e3bf7914d10870a32d9a990435729352bce97f18b09feb9df29f0,6f5fe26ee700c6b96a22779d98d84449547c1a504565b4fe13f07e676302c9e6,1f191b170e01030f,EXIF orientation applied; RGB conversion; center crop and resize to 224x224; JPEG quality 92.
dataset_v2_starter_003,starter,train,dataset_v2_object_starter_003,data/images/dataset_v2/starter/dataset_v2_starter_003.jpg,Kaggle,gpiosenka/car-parts-40-classes,https://www.kaggle.com/datasets/gpiosenka/car-parts-40-classes,car parts/train/STARTER/015.jpg,train,015.jpg,https://www.kaggle.com/datasets/gpiosenka/car-parts-40-classes,Gpiosenka dataset contributor,50 Types of Car Parts dataset on Kaggle,Apache-2.0,https://www.apache.org/licenses/LICENSE-2.0,029341bce4d03aad571551b39f19e6ece2d3a3fa01b87514f9fa53fd40edc38d,130c13726ec2fdb92e24c2f3aee75239c1f536061d01e94652da02df2aa3af0d,1d1f6f5c195b1d2f,EXIF orientation applied; RGB conversion; center crop and resize to 224x224; JPEG quality 92.
dataset_v2_starter_004,starter,train,dataset_v2_object_starter_004,data/images/dataset_v2/starter/dataset_v2_starter_004.jpg,Kaggle,gpiosenka/car-parts-40-classes,https://www.kaggle.com/datasets/gpiosenka/car-parts-40-classes,car parts/train/STARTER/118.jpg,train,118.jpg,https://www.kaggle.com/datasets/gpiosenka/car-parts-40-classes,Gpiosenka dataset contributor,50 Types of Car Parts dataset on Kaggle,Apache-2.0,https://www.apache.org/licenses/LICENSE-2.0,053dfc8bd7d9625137883d47c804ce900c90db4c7573bfce78a7762cfe2835b7,2a30e64f739c82a9fbf5839ab29b6fc777cd22d3925d936675da32c4d3657034,870707078787276f,EXIF orientation applied; RGB conversion; center crop and resize to 224x224; JPEG quality 92.
dataset_v2_starter_005,starter,train,dataset_v2_object_starter_005,data/images/dataset_v2/starter/dataset_v2_starter_005.jpg,Kaggle,gpiosenka/car-parts-40-classes,https://www.kaggle.com/datasets/gpiosenka/car-parts-40-classes,car parts/train/STARTER/041.jpg,train,041.jpg,https://www.kaggle.com/datasets/gpiosenka/car-parts-40-classes,Gpiosenka dataset contributor,50 Types of Car Parts dataset on Kaggle,Apache-2.0,https://www.apache.org/licenses/LICENSE-2.0,06826bb06b055d9f908ed3f880b890c3b97d069dc6e1396370539ab6d307e49f,23c473007eb52c4f51a90d1948580f90d0cc0aefe1130aa66a435f67485db597,0e0b0b0b57531b1b,EXIF orientation applied; RGB conversion; center crop and resize to 224x224; JPEG quality 92.
dataset_v2_taillight_001,taillight,train,dataset_v2_object_taillight_001,data/images/dataset_v2/taillight/dataset_v2_taillight_001.jpg,Kaggle,gpiosenka/car-parts-40-classes,https://www.kaggle.com/datasets/gpiosenka/car-parts-40-classes,car parts/train/TAILLIGHTS/153.jpg,train,153.jpg,https://www.kaggle.com/datasets/gpiosenka/car-parts-40-classes,Gpiosenka dataset contributor,50 Types of Car Parts dataset on Kaggle,Apache-2.0,https://www.apache.org/licenses/LICENSE-2.0,034e5c01a9236ddf9d6931184ecabe91b16db7c976563fb2d00d0b2caecb01bf,7ec0656967253dc2a36e5c90fe955c2b51ef84387e2ca635e72083955b2a3776,9e3e743415155515,EXIF orientation applied; RGB conversion; center crop and resize to 224x224; JPEG quality 92.
dataset_v2_taillight_002,taillight,train,dataset_v2_object_taillight_002,data/images/dataset_v2/taillight/dataset_v2_taillight_002.jpg,Kaggle,gpiosenka/car-parts-40-classes,https://www.kaggle.com/datasets/gpiosenka/car-parts-40-classes,car parts/train/TAILLIGHTS/072.jpg,train,072.jpg,https://www.kaggle.com/datasets/gpiosenka/car-parts-40-classes,Gpiosenka dataset contributor,50 Types of Car Parts dataset on Kaggle,Apache-2.0,https://www.apache.org/licenses/LICENSE-2.0,03a2d479ab9be478254bc437ef4204884775c9b645c90863da08576d6751edbc,188061ebae56538aa26605a348235cba69cc5661826171f8f8a4f71a17c1b074,0fc6e7a3e72c84a3,EXIF orientation applied; RGB conversion; center crop and resize to 224x224; JPEG quality 92.
dataset_v2_taillight_003,taillight,train,dataset_v2_object_taillight_003,data/images/dataset_v2/taillight/dataset_v2_taillight_003.jpg,Kaggle,gpiosenka/car-parts-40-classes,https://www.kaggle.com/datasets/gpiosenka/car-parts-40-classes,car parts/train/TAILLIGHTS/122.jpg,train,122.jpg,https://www.kaggle.com/datasets/gpiosenka/car-parts-40-classes,Gpiosenka dataset contributor,50 Types of Car Parts dataset on Kaggle,Apache-2.0,https://www.apache.org/licenses/LICENSE-2.0,08e7bd2ba8621711dc161e3b345b3cf4b6089a493fb07776666c2ad5dc0eebcb,730cac64fe18dd7535c2ecfd6359fef88571de11e0043307b8718417d13f63fa,00686c6d6469494d,EXIF orientation applied; RGB conversion; center crop and resize to 224x224; JPEG quality 92.
dataset_v2_taillight_004,taillight,train,dataset_v2_object_taillight_004,data/images/dataset_v2/taillight/dataset_v2_taillight_004.jpg,Kaggle,gpiosenka/car-parts-40-classes,https://www.kaggle.com/datasets/gpiosenka/car-parts-40-classes,car parts/train/TAILLIGHTS/010.jpg,train,010.jpg,https://www.kaggle.com/datasets/gpiosenka/car-parts-40-classes,Gpiosenka dataset contributor,50 Types of Car Parts dataset on Kaggle,Apache-2.0,https://www.apache.org/licenses/LICENSE-2.0,08eccd6839c4668b15a19b84af3a5ac131e72f29bc9c733ca4e39719a3f75623,3dea52afc91f3ae3397ef99a122b6465092722b68efa8933a0c00bf958df5d0e,7c7f4719270d475f,EXIF orientation applied; RGB conversion; center crop and resize to 224x224; JPEG quality 92.
dataset_v2_taillight_005,taillight,train,dataset_v2_object_taillight_005,data/images/dataset_v2/taillight/dataset_v2_taillight_005.jpg,Kaggle,gpiosenka/car-parts-40-classes,https://www.kaggle.com/datasets/gpiosenka/car-parts-40-classes,car parts/train/TAILLIGHTS/109.jpg,train,109.jpg,https://www.kaggle.com/datasets/gpiosenka/car-parts-40-classes,Gpiosenka dataset contributor,50 Types of Car Parts dataset on Kaggle,Apache-2.0,https://www.apache.org/licenses/LICENSE-2.0,0908ca3488c95dbb7b3f37fc0b73fa2ba6bbb9c2642ff95aafee62f577ed3a73,8afd5d96dc62fc00625f45acde3c20010ef863d9fb899167646012a0dcdc65b2,9e80829b9fcec0c0,EXIF orientation applied; RGB conversion; center crop and resize to 224x224; JPEG quality 92.
dataset_v2_air_filter_006,air_filter,validation,dataset_v2_object_air_filter_006,data/images/dataset_v2/air_filter/dataset_v2_air_filter_006.jpg,Wikimedia Commons,Wikimedia Commons search: air_filter,https://commons.wikimedia.org/,File:NewOne - Air filtration paper 003.jpg,unspecified,File:NewOne - Air filtration paper 003.jpg,https://commons.wikimedia.org/wiki/File:NewOne_-_Air_filtration_paper_003.jpg,Newone,Own work,CC BY-SA 4.0,https://creativecommons.org/licenses/by-sa/4.0,14fa44c84036cc77f6a5630c4d046c7f2a7ffd465828681b70e1a9c05dd6def0,01adcffbed7382a76a9d11e46b4dda4409c6052bfa256f56b130860a3ebb2041,f4fef8fefedefec0,EXIF orientation applied; RGB conversion; center crop and resize to 224x224; JPEG quality 92.
dataset_v2_alternator_006,alternator,validation,dataset_v2_object_alternator_006,data/images/dataset_v2/alternator/dataset_v2_alternator_006.jpg,Kaggle,gpiosenka/car-parts-40-classes,https://www.kaggle.com/datasets/gpiosenka/car-parts-40-classes,car parts/test/ALTERNATOR/5.jpg,test,5.jpg,https://www.kaggle.com/datasets/gpiosenka/car-parts-40-classes,Gpiosenka dataset contributor,50 Types of Car Parts dataset on Kaggle,Apache-2.0,https://www.apache.org/licenses/LICENSE-2.0,02c84c93777346435ec366ff61a3bf63b53ddeb9f6cb3b6616c3e196538b9c3d,4bb05b8077309f81af4e9b154829611bcd4a5231cfda0d21b187d0dc45ab538e,1f173b35573f3f18,EXIF orientation applied; RGB conversion; center crop and resize to 224x224; JPEG quality 92.
dataset_v2_brake_disc_006,brake_disc,validation,dataset_v2_object_brake_disc_006,data/images/dataset_v2/brake_disc/dataset_v2_brake_disc_006.jpg,Kaggle,gpiosenka/car-parts-40-classes,https://www.kaggle.com/datasets/gpiosenka/car-parts-40-classes,car parts/valid/BRAKE ROTOR/2.jpg,validation,2.jpg,https://www.kaggle.com/datasets/gpiosenka/car-parts-40-classes,Gpiosenka dataset contributor,50 Types of Car Parts dataset on Kaggle,Apache-2.0,https://www.apache.org/licenses/LICENSE-2.0,01e7f0e75fa61034031eb50dac37ae6fb127fc56c2ef65bb89ae1109c78d8d3d,41af056d4e1a334e6211aa0b44933995f5669a24b6857abca0d235c495191d47,0f0f6dd8d81d0f0f,EXIF orientation applied; RGB conversion; center crop and resize to 224x224; JPEG quality 92.
dataset_v2_brake_pad_006,brake_pad,validation,dataset_v2_object_brake_pad_006,data/images/dataset_v2/brake_pad/dataset_v2_brake_pad_006.jpg,Kaggle,gpiosenka/car-parts-40-classes,https://www.kaggle.com/datasets/gpiosenka/car-parts-40-classes,car parts/test/BRAKE PAD/2.jpg,test,2.jpg,https://www.kaggle.com/datasets/gpiosenka/car-parts-40-classes,Gpiosenka dataset contributor,50 Types of Car Parts dataset on Kaggle,Apache-2.0,https://www.apache.org/licenses/LICENSE-2.0,0d6843b2c7b77bf6f3e6b1e6632f3f533e58fee0795b617cce56c02fe3e36ca6,4a1197d14d8b7122c2dd0101581e75c03033bae2034be07567e4bef75422d31b,b999ff0f8b4b0301,EXIF orientation applied; RGB conversion; center crop and resize to 224x224; JPEG quality 92.
dataset_v2_coil_spring_006,coil_spring,validation,dataset_v2_object_coil_spring_006,data/images/dataset_v2/coil_spring/dataset_v2_coil_spring_006.jpg,Kaggle,gpiosenka/car-parts-40-classes,https://www.kaggle.com/datasets/gpiosenka/car-parts-40-classes,car parts/valid/COIL SPRING/4.jpg,validation,4.jpg,https://www.kaggle.com/datasets/gpiosenka/car-parts-40-classes,Gpiosenka dataset contributor,50 Types of Car Parts dataset on Kaggle,Apache-2.0,https://www.apache.org/licenses/LICENSE-2.0,118a0ff91b99318a7c9b95ff9a3e855a2420a34b58505138e0ee9ac15461bc8a,84df7dc28aa90bf80388bf2deedb3cf6eb4813b36b3335fd82c65051e1c1c300,000000060c19362c,EXIF orientation applied; RGB conversion; center crop and resize to 224x224; JPEG quality 92.
dataset_v2_headlight_006,headlight,validation,dataset_v2_object_headlight_006,data/images/dataset_v2/headlight/dataset_v2_headlight_006.jpg,Kaggle,gpiosenka/car-parts-40-classes,https://www.kaggle.com/datasets/gpiosenka/car-parts-40-classes,car parts/test/HEADLIGHTS/2.jpg,test,2.jpg,https://www.kaggle.com/datasets/gpiosenka/car-parts-40-classes,Gpiosenka dataset contributor,50 Types of Car Parts dataset on Kaggle,Apache-2.0,https://www.apache.org/licenses/LICENSE-2.0,1b0844c20c7f8f7874d3b679240374198891eba995466a4a9bafca9aacf2b147,d414c48092312f69468abfa679effca782443800eb67bcfdf09c5a8cd1e8afe2,100081c2e0e2f0f6,EXIF orientation applied; RGB conversion; center crop and resize to 224x224; JPEG quality 92.
dataset_v2_oil_filter_006,oil_filter,validation,dataset_v2_object_oil_filter_006,data/images/dataset_v2/oil_filter/dataset_v2_oil_filter_006.jpg,Kaggle,gpiosenka/car-parts-40-classes,https://www.kaggle.com/datasets/gpiosenka/car-parts-40-classes,car parts/valid/OIL FILTER/5.jpg,validation,5.jpg,https://www.kaggle.com/datasets/gpiosenka/car-parts-40-classes,Gpiosenka dataset contributor,50 Types of Car Parts dataset on Kaggle,Apache-2.0,https://www.apache.org/licenses/LICENSE-2.0,188fff492fa69565a1ef201fd5eafea832f513d2865c3f87db026183e7dc8e8a,7ff9c6f562e018aed29b84b44244e42e06262d57d79877650e926f2d3078d7ad,07030561f3130f0e,EXIF orientation applied; RGB conversion; center crop and resize to 224x224; JPEG quality 92.
dataset_v2_shock_absorber_006,shock_absorber,validation,dataset_v2_object_shock_absorber_nissan_fuga_y50,data/images/dataset_v2/shock_absorber/dataset_v2_shock_absorber_006.jpg,Wikimedia Commons,Wikimedia Commons automotive shock-absorber review set,https://commons.wikimedia.org/wiki/Category:Automobile_shock_absorbers,File:NISSAN FUGA Y50 front shock absorber.jpg,unspecified,File:NISSAN FUGA Y50 front shock absorber.jpg,https://commons.wikimedia.org/wiki/File:NISSAN_FUGA_Y50_front_shock_absorber.jpg,TTTNIS,Own work,Public domain,https://creativecommons.org/publicdomain/mark/1.0/,333c282cb8c619d00ee98799095e5116dca7b4c6af66ef3755e8b261c1570f3d,8c45a7ab758722dc03136bbabdb3f9eaf19efb49b4adef0aa76013fc59cb71a9,22220f0728586421,EXIF orientation applied; transparency composited on white; RGB conversion; center crop and resize to 224x224; JPEG quality 92; low-information content validation passed.
dataset_v2_starter_006,starter,validation,dataset_v2_object_starter_006,data/images/dataset_v2/starter/dataset_v2_starter_006.jpg,Kaggle,gpiosenka/car-parts-40-classes,https://www.kaggle.com/datasets/gpiosenka/car-parts-40-classes,car parts/valid/STARTER/1.jpg,validation,1.jpg,https://www.kaggle.com/datasets/gpiosenka/car-parts-40-classes,Gpiosenka dataset contributor,50 Types of Car Parts dataset on Kaggle,Apache-2.0,https://www.apache.org/licenses/LICENSE-2.0,20afb0f2b522e10f9e4522dd3ab073bded0512f959d04a7c7efb159822f44c19,911d85bd8c23feedf22b086dce3e58dc0000ab8e7f8159fa328cb9d9d18a4814,1e1e17636723170f,EXIF orientation applied; RGB conversion; center crop and resize to 224x224; JPEG quality 92.
dataset_v2_taillight_006,taillight,validation,dataset_v2_object_taillight_006,data/images/dataset_v2/taillight/dataset_v2_taillight_006.jpg,Kaggle,gpiosenka/car-parts-40-classes,https://www.kaggle.com/datasets/gpiosenka/car-parts-40-classes,car parts/test/TAILLIGHTS/4.jpg,test,4.jpg,https://www.kaggle.com/datasets/gpiosenka/car-parts-40-classes,Gpiosenka dataset contributor,50 Types of Car Parts dataset on Kaggle,Apache-2.0,https://www.apache.org/licenses/LICENSE-2.0,120c899bf837970695481e7b5b6ca438d3cc162af82597191d9208f71230bb26,f32ab68677e847155e0cac70b9b6adc19112dbff0c47d4524ad826ce2b849d17,3d7c9a9d959de772,EXIF orientation applied; RGB conversion; center crop and resize to 224x224; JPEG quality 92.
