sample_id,image_id,part_group_id,object_group_id,image_path,part_family,part_category,text_category,description,label,source
train_air_filter_001_01_match,air_filter_001_01,air_filter_001,synthetic_family_air_filter,data/images/generated/air_filter_001_01.png,filtration,air_filter,air_filter,An automotive air filter for the engine intake system.,MATCH,generated
train_air_filter_001_01_partial_match,air_filter_001_01,air_filter_001,synthetic_family_air_filter,data/images/generated/air_filter_001_01.png,filtration,air_filter,oil_filter,An engine oil filter designed for a road vehicle.,PARTIAL_MATCH,generated
train_air_filter_001_01_mismatch,air_filter_001_01,air_filter_001,synthetic_family_air_filter,data/images/generated/air_filter_001_01.png,filtration,air_filter,alternator,A vehicle alternator used by the electrical charging system.,MISMATCH,generated
train_air_filter_002_01_match,air_filter_002_01,air_filter_002,synthetic_family_air_filter,data/images/generated/air_filter_002_01.png,filtration,air_filter,air_filter,An automotive air filter for the engine intake system.,MATCH,generated
train_air_filter_002_01_partial_match,air_filter_002_01,air_filter_002,synthetic_family_air_filter,data/images/generated/air_filter_002_01.png,filtration,air_filter,oil_filter,An engine oil filter designed for a road vehicle.,PARTIAL_MATCH,generated
train_air_filter_002_01_mismatch,air_filter_002_01,air_filter_002,synthetic_family_air_filter,data/images/generated/air_filter_002_01.png,filtration,air_filter,alternator,A vehicle alternator used by the electrical charging system.,MISMATCH,generated
train_air_filter_003_01_match,air_filter_003_01,air_filter_003,synthetic_family_air_filter,data/images/generated/air_filter_003_01.png,filtration,air_filter,air_filter,An automotive air filter for the engine intake system.,MATCH,generated
train_air_filter_003_01_partial_match,air_filter_003_01,air_filter_003,synthetic_family_air_filter,data/images/generated/air_filter_003_01.png,filtration,air_filter,oil_filter,An engine oil filter designed for a road vehicle.,PARTIAL_MATCH,generated
train_air_filter_003_01_mismatch,air_filter_003_01,air_filter_003,synthetic_family_air_filter,data/images/generated/air_filter_003_01.png,filtration,air_filter,alternator,A vehicle alternator used by the electrical charging system.,MISMATCH,generated
train_air_filter_004_01_match,air_filter_004_01,air_filter_004,synthetic_family_air_filter,data/images/generated/air_filter_004_01.png,filtration,air_filter,air_filter,An automotive air filter for the engine intake system.,MATCH,generated
train_air_filter_004_01_partial_match,air_filter_004_01,air_filter_004,synthetic_family_air_filter,data/images/generated/air_filter_004_01.png,filtration,air_filter,oil_filter,An engine oil filter designed for a road vehicle.,PARTIAL_MATCH,generated
train_air_filter_004_01_mismatch,air_filter_004_01,air_filter_004,synthetic_family_air_filter,data/images/generated/air_filter_004_01.png,filtration,air_filter,alternator,A vehicle alternator used by the electrical charging system.,MISMATCH,generated
train_air_filter_005_01_match,air_filter_005_01,air_filter_005,synthetic_family_air_filter,data/images/generated/air_filter_005_01.png,filtration,air_filter,air_filter,An automotive air filter for the engine intake system.,MATCH,generated
train_air_filter_005_01_partial_match,air_filter_005_01,air_filter_005,synthetic_family_air_filter,data/images/generated/air_filter_005_01.png,filtration,air_filter,oil_filter,An engine oil filter designed for a road vehicle.,PARTIAL_MATCH,generated
train_air_filter_005_01_mismatch,air_filter_005_01,air_filter_005,synthetic_family_air_filter,data/images/generated/air_filter_005_01.png,filtration,air_filter,alternator,A vehicle alternator used by the electrical charging system.,MISMATCH,generated
train_external_image_air_filter_2088950_match,external_image_air_filter_2088950,external_group_air_filter_2088950,wikimedia_object_air_filter_2088950,data/images/wikimedia/air_filter/commons_air_filter_2088950.jpg,filtration,air_filter,air_filter,An automotive air filter for the engine intake system.,MATCH,wikimedia
train_external_image_air_filter_2088950_partial_match,external_image_air_filter_2088950,external_group_air_filter_2088950,wikimedia_object_air_filter_2088950,data/images/wikimedia/air_filter/commons_air_filter_2088950.jpg,filtration,air_filter,oil_filter,An engine oil filter designed for a road vehicle.,PARTIAL_MATCH,wikimedia
train_external_image_air_filter_2088950_mismatch,external_image_air_filter_2088950,external_group_air_filter_2088950,wikimedia_object_air_filter_2088950,data/images/wikimedia/air_filter/commons_air_filter_2088950.jpg,filtration,air_filter,alternator,A vehicle alternator used by the electrical charging system.,MISMATCH,wikimedia
train_external_image_air_filter_220313_match,external_image_air_filter_220313,external_group_air_filter_220313,wikimedia_object_air_filter_220313,data/images/wikimedia/air_filter/commons_air_filter_220313.jpg,filtration,air_filter,air_filter,An automotive air filter for the engine intake system.,MATCH,wikimedia
train_external_image_air_filter_220313_partial_match,external_image_air_filter_220313,external_group_air_filter_220313,wikimedia_object_air_filter_220313,data/images/wikimedia/air_filter/commons_air_filter_220313.jpg,filtration,air_filter,oil_filter,An engine oil filter designed for a road vehicle.,PARTIAL_MATCH,wikimedia
train_external_image_air_filter_220313_mismatch,external_image_air_filter_220313,external_group_air_filter_220313,wikimedia_object_air_filter_220313,data/images/wikimedia/air_filter/commons_air_filter_220313.jpg,filtration,air_filter,alternator,A vehicle alternator used by the electrical charging system.,MISMATCH,wikimedia
train_external_image_air_filter_475880_match,external_image_air_filter_475880,external_group_air_filter_475880,wikimedia_air_filter_opel_astra_series,data/images/wikimedia/air_filter/commons_air_filter_475880.jpg,filtration,air_filter,air_filter,An automotive air filter for the engine intake system.,MATCH,wikimedia
train_external_image_air_filter_475880_partial_match,external_image_air_filter_475880,external_group_air_filter_475880,wikimedia_air_filter_opel_astra_series,data/images/wikimedia/air_filter/commons_air_filter_475880.jpg,filtration,air_filter,oil_filter,An engine oil filter designed for a road vehicle.,PARTIAL_MATCH,wikimedia
train_external_image_air_filter_475880_mismatch,external_image_air_filter_475880,external_group_air_filter_475880,wikimedia_air_filter_opel_astra_series,data/images/wikimedia/air_filter/commons_air_filter_475880.jpg,filtration,air_filter,alternator,A vehicle alternator used by the electrical charging system.,MISMATCH,wikimedia
train_external_image_air_filter_475881_match,external_image_air_filter_475881,external_group_air_filter_475881,wikimedia_air_filter_opel_astra_series,data/images/wikimedia/air_filter/commons_air_filter_475881.jpg,filtration,air_filter,air_filter,An automotive air filter for the engine intake system.,MATCH,wikimedia
train_external_image_air_filter_475881_partial_match,external_image_air_filter_475881,external_group_air_filter_475881,wikimedia_air_filter_opel_astra_series,data/images/wikimedia/air_filter/commons_air_filter_475881.jpg,filtration,air_filter,oil_filter,An engine oil filter designed for a road vehicle.,PARTIAL_MATCH,wikimedia
train_external_image_air_filter_475881_mismatch,external_image_air_filter_475881,external_group_air_filter_475881,wikimedia_air_filter_opel_astra_series,data/images/wikimedia/air_filter/commons_air_filter_475881.jpg,filtration,air_filter,alternator,A vehicle alternator used by the electrical charging system.,MISMATCH,wikimedia
train_external_image_air_filter_9446495_match,external_image_air_filter_9446495,external_group_air_filter_9446495,wikimedia_object_air_filter_9446495,data/images/wikimedia/air_filter/commons_air_filter_9446495.jpg,filtration,air_filter,air_filter,An automotive air filter for the engine intake system.,MATCH,wikimedia
train_external_image_air_filter_9446495_partial_match,external_image_air_filter_9446495,external_group_air_filter_9446495,wikimedia_object_air_filter_9446495,data/images/wikimedia/air_filter/commons_air_filter_9446495.jpg,filtration,air_filter,oil_filter,An engine oil filter designed for a road vehicle.,PARTIAL_MATCH,wikimedia
train_external_image_air_filter_9446495_mismatch,external_image_air_filter_9446495,external_group_air_filter_9446495,wikimedia_object_air_filter_9446495,data/images/wikimedia/air_filter/commons_air_filter_9446495.jpg,filtration,air_filter,alternator,A vehicle alternator used by the electrical charging system.,MISMATCH,wikimedia
train_alternator_001_01_match,alternator_001_01,alternator_001,synthetic_family_alternator,data/images/generated/alternator_001_01.png,electrical,alternator,alternator,A vehicle alternator used by the electrical charging system.,MATCH,generated
train_alternator_001_01_partial_match,alternator_001_01,alternator_001,synthetic_family_alternator,data/images/generated/alternator_001_01.png,electrical,alternator,starter,An electric starter motor for an internal-combustion engine.,PARTIAL_MATCH,generated
train_alternator_001_01_mismatch,alternator_001_01,alternator_001,synthetic_family_alternator,data/images/generated/alternator_001_01.png,electrical,alternator,brake_disc,A metal brake disc used in a vehicle braking system.,MISMATCH,generated
train_alternator_002_01_match,alternator_002_01,alternator_002,synthetic_family_alternator,data/images/generated/alternator_002_01.png,electrical,alternator,alternator,A vehicle alternator used by the electrical charging system.,MATCH,generated
train_alternator_002_01_partial_match,alternator_002_01,alternator_002,synthetic_family_alternator,data/images/generated/alternator_002_01.png,electrical,alternator,starter,An electric starter motor for an internal-combustion engine.,PARTIAL_MATCH,generated
train_alternator_002_01_mismatch,alternator_002_01,alternator_002,synthetic_family_alternator,data/images/generated/alternator_002_01.png,electrical,alternator,brake_disc,A metal brake disc used in a vehicle braking system.,MISMATCH,generated
train_alternator_003_01_match,alternator_003_01,alternator_003,synthetic_family_alternator,data/images/generated/alternator_003_01.png,electrical,alternator,alternator,A vehicle alternator used by the electrical charging system.,MATCH,generated
train_alternator_003_01_partial_match,alternator_003_01,alternator_003,synthetic_family_alternator,data/images/generated/alternator_003_01.png,electrical,alternator,starter,An electric starter motor for an internal-combustion engine.,PARTIAL_MATCH,generated
train_alternator_003_01_mismatch,alternator_003_01,alternator_003,synthetic_family_alternator,data/images/generated/alternator_003_01.png,electrical,alternator,brake_disc,A metal brake disc used in a vehicle braking system.,MISMATCH,generated
train_alternator_004_01_match,alternator_004_01,alternator_004,synthetic_family_alternator,data/images/generated/alternator_004_01.png,electrical,alternator,alternator,A vehicle alternator used by the electrical charging system.,MATCH,generated
train_alternator_004_01_partial_match,alternator_004_01,alternator_004,synthetic_family_alternator,data/images/generated/alternator_004_01.png,electrical,alternator,starter,An electric starter motor for an internal-combustion engine.,PARTIAL_MATCH,generated
train_alternator_004_01_mismatch,alternator_004_01,alternator_004,synthetic_family_alternator,data/images/generated/alternator_004_01.png,electrical,alternator,brake_disc,A metal brake disc used in a vehicle braking system.,MISMATCH,generated
train_alternator_005_01_match,alternator_005_01,alternator_005,synthetic_family_alternator,data/images/generated/alternator_005_01.png,electrical,alternator,alternator,A vehicle alternator used by the electrical charging system.,MATCH,generated
train_alternator_005_01_partial_match,alternator_005_01,alternator_005,synthetic_family_alternator,data/images/generated/alternator_005_01.png,electrical,alternator,starter,An electric starter motor for an internal-combustion engine.,PARTIAL_MATCH,generated
train_alternator_005_01_mismatch,alternator_005_01,alternator_005,synthetic_family_alternator,data/images/generated/alternator_005_01.png,electrical,alternator,brake_disc,A metal brake disc used in a vehicle braking system.,MISMATCH,generated
train_external_image_alternator_10186168_match,external_image_alternator_10186168,external_group_alternator_10186168,wikimedia_alternator_101861_series,data/images/wikimedia/alternator/commons_alternator_10186168.jpg,electrical,alternator,alternator,A vehicle alternator used by the electrical charging system.,MATCH,wikimedia
train_external_image_alternator_10186168_partial_match,external_image_alternator_10186168,external_group_alternator_10186168,wikimedia_alternator_101861_series,data/images/wikimedia/alternator/commons_alternator_10186168.jpg,electrical,alternator,starter,An electric starter motor for an internal-combustion engine.,PARTIAL_MATCH,wikimedia
train_external_image_alternator_10186168_mismatch,external_image_alternator_10186168,external_group_alternator_10186168,wikimedia_alternator_101861_series,data/images/wikimedia/alternator/commons_alternator_10186168.jpg,electrical,alternator,brake_disc,A metal brake disc used in a vehicle braking system.,MISMATCH,wikimedia
train_external_image_alternator_10186172_match,external_image_alternator_10186172,external_group_alternator_10186172,wikimedia_alternator_101861_series,data/images/wikimedia/alternator/commons_alternator_10186172.jpg,electrical,alternator,alternator,A vehicle alternator used by the electrical charging system.,MATCH,wikimedia
train_external_image_alternator_10186172_partial_match,external_image_alternator_10186172,external_group_alternator_10186172,wikimedia_alternator_101861_series,data/images/wikimedia/alternator/commons_alternator_10186172.jpg,electrical,alternator,starter,An electric starter motor for an internal-combustion engine.,PARTIAL_MATCH,wikimedia
train_external_image_alternator_10186172_mismatch,external_image_alternator_10186172,external_group_alternator_10186172,wikimedia_alternator_101861_series,data/images/wikimedia/alternator/commons_alternator_10186172.jpg,electrical,alternator,brake_disc,A metal brake disc used in a vehicle braking system.,MISMATCH,wikimedia
train_external_image_alternator_1242324_match,external_image_alternator_1242324,external_group_alternator_1242324,wikimedia_object_alternator_1242324,data/images/wikimedia/alternator/commons_alternator_1242324.jpg,electrical,alternator,alternator,A vehicle alternator used by the electrical charging system.,MATCH,wikimedia
train_external_image_alternator_1242324_partial_match,external_image_alternator_1242324,external_group_alternator_1242324,wikimedia_object_alternator_1242324,data/images/wikimedia/alternator/commons_alternator_1242324.jpg,electrical,alternator,starter,An electric starter motor for an internal-combustion engine.,PARTIAL_MATCH,wikimedia
train_external_image_alternator_1242324_mismatch,external_image_alternator_1242324,external_group_alternator_1242324,wikimedia_object_alternator_1242324,data/images/wikimedia/alternator/commons_alternator_1242324.jpg,electrical,alternator,brake_disc,A metal brake disc used in a vehicle braking system.,MISMATCH,wikimedia
train_external_image_alternator_12811841_match,external_image_alternator_12811841,external_group_alternator_12811841,wikimedia_object_alternator_12811841,data/images/wikimedia/alternator/commons_alternator_12811841.jpg,electrical,alternator,alternator,A vehicle alternator used by the electrical charging system.,MATCH,wikimedia
train_external_image_alternator_12811841_partial_match,external_image_alternator_12811841,external_group_alternator_12811841,wikimedia_object_alternator_12811841,data/images/wikimedia/alternator/commons_alternator_12811841.jpg,electrical,alternator,starter,An electric starter motor for an internal-combustion engine.,PARTIAL_MATCH,wikimedia
train_external_image_alternator_12811841_mismatch,external_image_alternator_12811841,external_group_alternator_12811841,wikimedia_object_alternator_12811841,data/images/wikimedia/alternator/commons_alternator_12811841.jpg,electrical,alternator,brake_disc,A metal brake disc used in a vehicle braking system.,MISMATCH,wikimedia
train_external_image_alternator_1791740_match,external_image_alternator_1791740,external_group_alternator_1791740,wikimedia_object_alternator_1791740,data/images/wikimedia/alternator/commons_alternator_1791740.jpg,electrical,alternator,alternator,A vehicle alternator used by the electrical charging system.,MATCH,wikimedia
train_external_image_alternator_1791740_partial_match,external_image_alternator_1791740,external_group_alternator_1791740,wikimedia_object_alternator_1791740,data/images/wikimedia/alternator/commons_alternator_1791740.jpg,electrical,alternator,starter,An electric starter motor for an internal-combustion engine.,PARTIAL_MATCH,wikimedia
train_external_image_alternator_1791740_mismatch,external_image_alternator_1791740,external_group_alternator_1791740,wikimedia_object_alternator_1791740,data/images/wikimedia/alternator/commons_alternator_1791740.jpg,electrical,alternator,brake_disc,A metal brake disc used in a vehicle braking system.,MISMATCH,wikimedia
train_brake_disc_001_01_match,brake_disc_001_01,brake_disc_001,synthetic_family_brake_disc,data/images/generated/brake_disc_001_01.png,braking,brake_disc,brake_disc,A metal brake disc used in a vehicle braking system.,MATCH,generated
train_brake_disc_001_01_partial_match,brake_disc_001_01,brake_disc_001,synthetic_family_brake_disc,data/images/generated/brake_disc_001_01.png,braking,brake_disc,brake_pad,An automotive brake pad that presses against a disc.,PARTIAL_MATCH,generated
train_brake_disc_001_01_mismatch,brake_disc_001_01,brake_disc_001,synthetic_family_brake_disc,data/images/generated/brake_disc_001_01.png,braking,brake_disc,coil_spring,A coil spring from a passenger-vehicle suspension.,MISMATCH,generated
train_brake_disc_002_01_match,brake_disc_002_01,brake_disc_002,synthetic_family_brake_disc,data/images/generated/brake_disc_002_01.png,braking,brake_disc,brake_disc,A metal brake disc used in a vehicle braking system.,MATCH,generated
train_brake_disc_002_01_partial_match,brake_disc_002_01,brake_disc_002,synthetic_family_brake_disc,data/images/generated/brake_disc_002_01.png,braking,brake_disc,brake_pad,An automotive brake pad that presses against a disc.,PARTIAL_MATCH,generated
train_brake_disc_002_01_mismatch,brake_disc_002_01,brake_disc_002,synthetic_family_brake_disc,data/images/generated/brake_disc_002_01.png,braking,brake_disc,coil_spring,A coil spring from a passenger-vehicle suspension.,MISMATCH,generated
train_brake_disc_003_01_match,brake_disc_003_01,brake_disc_003,synthetic_family_brake_disc,data/images/generated/brake_disc_003_01.png,braking,brake_disc,brake_disc,A metal brake disc used in a vehicle braking system.,MATCH,generated
train_brake_disc_003_01_partial_match,brake_disc_003_01,brake_disc_003,synthetic_family_brake_disc,data/images/generated/brake_disc_003_01.png,braking,brake_disc,brake_pad,An automotive brake pad that presses against a disc.,PARTIAL_MATCH,generated
train_brake_disc_003_01_mismatch,brake_disc_003_01,brake_disc_003,synthetic_family_brake_disc,data/images/generated/brake_disc_003_01.png,braking,brake_disc,coil_spring,A coil spring from a passenger-vehicle suspension.,MISMATCH,generated
train_brake_disc_004_01_match,brake_disc_004_01,brake_disc_004,synthetic_family_brake_disc,data/images/generated/brake_disc_004_01.png,braking,brake_disc,brake_disc,A metal brake disc used in a vehicle braking system.,MATCH,generated
train_brake_disc_004_01_partial_match,brake_disc_004_01,brake_disc_004,synthetic_family_brake_disc,data/images/generated/brake_disc_004_01.png,braking,brake_disc,brake_pad,An automotive brake pad that presses against a disc.,PARTIAL_MATCH,generated
train_brake_disc_004_01_mismatch,brake_disc_004_01,brake_disc_004,synthetic_family_brake_disc,data/images/generated/brake_disc_004_01.png,braking,brake_disc,coil_spring,A coil spring from a passenger-vehicle suspension.,MISMATCH,generated
train_brake_disc_005_01_match,brake_disc_005_01,brake_disc_005,synthetic_family_brake_disc,data/images/generated/brake_disc_005_01.png,braking,brake_disc,brake_disc,A metal brake disc used in a vehicle braking system.,MATCH,generated
train_brake_disc_005_01_partial_match,brake_disc_005_01,brake_disc_005,synthetic_family_brake_disc,data/images/generated/brake_disc_005_01.png,braking,brake_disc,brake_pad,An automotive brake pad that presses against a disc.,PARTIAL_MATCH,generated
train_brake_disc_005_01_mismatch,brake_disc_005_01,brake_disc_005,synthetic_family_brake_disc,data/images/generated/brake_disc_005_01.png,braking,brake_disc,coil_spring,A coil spring from a passenger-vehicle suspension.,MISMATCH,generated
train_external_image_brake_disc_1012105_match,external_image_brake_disc_1012105,external_group_brake_disc_1012105,wikimedia_object_brake_disc_1012105,data/images/wikimedia/brake_disc/commons_brake_disc_1012105.jpg,braking,brake_disc,brake_disc,A metal brake disc used in a vehicle braking system.,MATCH,wikimedia
train_external_image_brake_disc_1012105_partial_match,external_image_brake_disc_1012105,external_group_brake_disc_1012105,wikimedia_object_brake_disc_1012105,data/images/wikimedia/brake_disc/commons_brake_disc_1012105.jpg,braking,brake_disc,brake_pad,An automotive brake pad that presses against a disc.,PARTIAL_MATCH,wikimedia
train_external_image_brake_disc_1012105_mismatch,external_image_brake_disc_1012105,external_group_brake_disc_1012105,wikimedia_object_brake_disc_1012105,data/images/wikimedia/brake_disc/commons_brake_disc_1012105.jpg,braking,brake_disc,coil_spring,A coil spring from a passenger-vehicle suspension.,MISMATCH,wikimedia
train_external_image_brake_disc_2119919_match,external_image_brake_disc_2119919,external_group_brake_disc_2119919,wikimedia_object_brake_disc_2119919,data/images/wikimedia/brake_disc/commons_brake_disc_2119919.jpg,braking,brake_disc,brake_disc,A metal brake disc used in a vehicle braking system.,MATCH,wikimedia
train_external_image_brake_disc_2119919_partial_match,external_image_brake_disc_2119919,external_group_brake_disc_2119919,wikimedia_object_brake_disc_2119919,data/images/wikimedia/brake_disc/commons_brake_disc_2119919.jpg,braking,brake_disc,brake_pad,An automotive brake pad that presses against a disc.,PARTIAL_MATCH,wikimedia
train_external_image_brake_disc_2119919_mismatch,external_image_brake_disc_2119919,external_group_brake_disc_2119919,wikimedia_object_brake_disc_2119919,data/images/wikimedia/brake_disc/commons_brake_disc_2119919.jpg,braking,brake_disc,coil_spring,A coil spring from a passenger-vehicle suspension.,MISMATCH,wikimedia
train_external_image_brake_disc_32848093_match,external_image_brake_disc_32848093,external_group_brake_disc_32848093,wikimedia_object_brake_disc_32848093,data/images/wikimedia/brake_disc/commons_brake_disc_32848093.jpg,braking,brake_disc,brake_disc,A metal brake disc used in a vehicle braking system.,MATCH,wikimedia
train_external_image_brake_disc_32848093_partial_match,external_image_brake_disc_32848093,external_group_brake_disc_32848093,wikimedia_object_brake_disc_32848093,data/images/wikimedia/brake_disc/commons_brake_disc_32848093.jpg,braking,brake_disc,brake_pad,An automotive brake pad that presses against a disc.,PARTIAL_MATCH,wikimedia
train_external_image_brake_disc_32848093_mismatch,external_image_brake_disc_32848093,external_group_brake_disc_32848093,wikimedia_object_brake_disc_32848093,data/images/wikimedia/brake_disc/commons_brake_disc_32848093.jpg,braking,brake_disc,coil_spring,A coil spring from a passenger-vehicle suspension.,MISMATCH,wikimedia
train_external_image_brake_disc_36552019_match,external_image_brake_disc_36552019,external_group_brake_disc_36552019,wikimedia_object_brake_disc_36552019,data/images/wikimedia/brake_disc/commons_brake_disc_36552019.jpg,braking,brake_disc,brake_disc,A metal brake disc used in a vehicle braking system.,MATCH,wikimedia
train_external_image_brake_disc_36552019_partial_match,external_image_brake_disc_36552019,external_group_brake_disc_36552019,wikimedia_object_brake_disc_36552019,data/images/wikimedia/brake_disc/commons_brake_disc_36552019.jpg,braking,brake_disc,brake_pad,An automotive brake pad that presses against a disc.,PARTIAL_MATCH,wikimedia
train_external_image_brake_disc_36552019_mismatch,external_image_brake_disc_36552019,external_group_brake_disc_36552019,wikimedia_object_brake_disc_36552019,data/images/wikimedia/brake_disc/commons_brake_disc_36552019.jpg,braking,brake_disc,coil_spring,A coil spring from a passenger-vehicle suspension.,MISMATCH,wikimedia
train_external_image_brake_disc_51002797_match,external_image_brake_disc_51002797,external_group_brake_disc_51002797,wikimedia_object_brake_disc_51002797,data/images/wikimedia/brake_disc/commons_brake_disc_51002797.png,braking,brake_disc,brake_disc,A metal brake disc used in a vehicle braking system.,MATCH,wikimedia
train_external_image_brake_disc_51002797_partial_match,external_image_brake_disc_51002797,external_group_brake_disc_51002797,wikimedia_object_brake_disc_51002797,data/images/wikimedia/brake_disc/commons_brake_disc_51002797.png,braking,brake_disc,brake_pad,An automotive brake pad that presses against a disc.,PARTIAL_MATCH,wikimedia
train_external_image_brake_disc_51002797_mismatch,external_image_brake_disc_51002797,external_group_brake_disc_51002797,wikimedia_object_brake_disc_51002797,data/images/wikimedia/brake_disc/commons_brake_disc_51002797.png,braking,brake_disc,coil_spring,A coil spring from a passenger-vehicle suspension.,MISMATCH,wikimedia
train_brake_pad_001_01_match,brake_pad_001_01,brake_pad_001,synthetic_family_brake_pad,data/images/generated/brake_pad_001_01.png,braking,brake_pad,brake_pad,An automotive brake pad that presses against a disc.,MATCH,generated
train_brake_pad_001_01_partial_match,brake_pad_001_01,brake_pad_001,synthetic_family_brake_pad,data/images/generated/brake_pad_001_01.png,braking,brake_pad,brake_disc,A metal brake disc used in a vehicle braking system.,PARTIAL_MATCH,generated
train_brake_pad_001_01_mismatch,brake_pad_001_01,brake_pad_001,synthetic_family_brake_pad,data/images/generated/brake_pad_001_01.png,braking,brake_pad,shock_absorber,A vehicle shock absorber used as a suspension damper.,MISMATCH,generated
train_brake_pad_002_01_match,brake_pad_002_01,brake_pad_002,synthetic_family_brake_pad,data/images/generated/brake_pad_002_01.png,braking,brake_pad,brake_pad,An automotive brake pad that presses against a disc.,MATCH,generated
train_brake_pad_002_01_partial_match,brake_pad_002_01,brake_pad_002,synthetic_family_brake_pad,data/images/generated/brake_pad_002_01.png,braking,brake_pad,brake_disc,A metal brake disc used in a vehicle braking system.,PARTIAL_MATCH,generated
train_brake_pad_002_01_mismatch,brake_pad_002_01,brake_pad_002,synthetic_family_brake_pad,data/images/generated/brake_pad_002_01.png,braking,brake_pad,shock_absorber,A vehicle shock absorber used as a suspension damper.,MISMATCH,generated
train_brake_pad_003_01_match,brake_pad_003_01,brake_pad_003,synthetic_family_brake_pad,data/images/generated/brake_pad_003_01.png,braking,brake_pad,brake_pad,An automotive brake pad that presses against a disc.,MATCH,generated
train_brake_pad_003_01_partial_match,brake_pad_003_01,brake_pad_003,synthetic_family_brake_pad,data/images/generated/brake_pad_003_01.png,braking,brake_pad,brake_disc,A metal brake disc used in a vehicle braking system.,PARTIAL_MATCH,generated
train_brake_pad_003_01_mismatch,brake_pad_003_01,brake_pad_003,synthetic_family_brake_pad,data/images/generated/brake_pad_003_01.png,braking,brake_pad,shock_absorber,A vehicle shock absorber used as a suspension damper.,MISMATCH,generated
train_brake_pad_004_01_match,brake_pad_004_01,brake_pad_004,synthetic_family_brake_pad,data/images/generated/brake_pad_004_01.png,braking,brake_pad,brake_pad,An automotive brake pad that presses against a disc.,MATCH,generated
train_brake_pad_004_01_partial_match,brake_pad_004_01,brake_pad_004,synthetic_family_brake_pad,data/images/generated/brake_pad_004_01.png,braking,brake_pad,brake_disc,A metal brake disc used in a vehicle braking system.,PARTIAL_MATCH,generated
train_brake_pad_004_01_mismatch,brake_pad_004_01,brake_pad_004,synthetic_family_brake_pad,data/images/generated/brake_pad_004_01.png,braking,brake_pad,shock_absorber,A vehicle shock absorber used as a suspension damper.,MISMATCH,generated
train_brake_pad_005_01_match,brake_pad_005_01,brake_pad_005,synthetic_family_brake_pad,data/images/generated/brake_pad_005_01.png,braking,brake_pad,brake_pad,An automotive brake pad that presses against a disc.,MATCH,generated
train_brake_pad_005_01_partial_match,brake_pad_005_01,brake_pad_005,synthetic_family_brake_pad,data/images/generated/brake_pad_005_01.png,braking,brake_pad,brake_disc,A metal brake disc used in a vehicle braking system.,PARTIAL_MATCH,generated
train_brake_pad_005_01_mismatch,brake_pad_005_01,brake_pad_005,synthetic_family_brake_pad,data/images/generated/brake_pad_005_01.png,braking,brake_pad,shock_absorber,A vehicle shock absorber used as a suspension damper.,MISMATCH,generated
train_external_image_brake_pad_16498941_match,external_image_brake_pad_16498941,external_group_brake_pad_16498941,wikimedia_object_brake_pad_16498941,data/images/wikimedia/brake_pad/commons_brake_pad_16498941.jpg,braking,brake_pad,brake_pad,An automotive brake pad that presses against a disc.,MATCH,wikimedia
train_external_image_brake_pad_16498941_partial_match,external_image_brake_pad_16498941,external_group_brake_pad_16498941,wikimedia_object_brake_pad_16498941,data/images/wikimedia/brake_pad/commons_brake_pad_16498941.jpg,braking,brake_pad,brake_disc,A metal brake disc used in a vehicle braking system.,PARTIAL_MATCH,wikimedia
train_external_image_brake_pad_16498941_mismatch,external_image_brake_pad_16498941,external_group_brake_pad_16498941,wikimedia_object_brake_pad_16498941,data/images/wikimedia/brake_pad/commons_brake_pad_16498941.jpg,braking,brake_pad,shock_absorber,A vehicle shock absorber used as a suspension damper.,MISMATCH,wikimedia
train_external_image_brake_pad_18661413_match,external_image_brake_pad_18661413,external_group_brake_pad_18661413,wikimedia_object_brake_pad_18661413,data/images/wikimedia/brake_pad/commons_brake_pad_18661413.jpg,braking,brake_pad,brake_pad,An automotive brake pad that presses against a disc.,MATCH,wikimedia
train_external_image_brake_pad_18661413_partial_match,external_image_brake_pad_18661413,external_group_brake_pad_18661413,wikimedia_object_brake_pad_18661413,data/images/wikimedia/brake_pad/commons_brake_pad_18661413.jpg,braking,brake_pad,brake_disc,A metal brake disc used in a vehicle braking system.,PARTIAL_MATCH,wikimedia
train_external_image_brake_pad_18661413_mismatch,external_image_brake_pad_18661413,external_group_brake_pad_18661413,wikimedia_object_brake_pad_18661413,data/images/wikimedia/brake_pad/commons_brake_pad_18661413.jpg,braking,brake_pad,shock_absorber,A vehicle shock absorber used as a suspension damper.,MISMATCH,wikimedia
train_external_image_brake_pad_20811161_match,external_image_brake_pad_20811161,external_group_brake_pad_20811161,wikimedia_object_brake_pad_20811161,data/images/wikimedia/brake_pad/commons_brake_pad_20811161.jpg,braking,brake_pad,brake_pad,An automotive brake pad that presses against a disc.,MATCH,wikimedia
train_external_image_brake_pad_20811161_partial_match,external_image_brake_pad_20811161,external_group_brake_pad_20811161,wikimedia_object_brake_pad_20811161,data/images/wikimedia/brake_pad/commons_brake_pad_20811161.jpg,braking,brake_pad,brake_disc,A metal brake disc used in a vehicle braking system.,PARTIAL_MATCH,wikimedia
train_external_image_brake_pad_20811161_mismatch,external_image_brake_pad_20811161,external_group_brake_pad_20811161,wikimedia_object_brake_pad_20811161,data/images/wikimedia/brake_pad/commons_brake_pad_20811161.jpg,braking,brake_pad,shock_absorber,A vehicle shock absorber used as a suspension damper.,MISMATCH,wikimedia
train_external_image_brake_pad_2470132_match,external_image_brake_pad_2470132,external_group_brake_pad_2470132,wikimedia_object_brake_pad_2470132,data/images/wikimedia/brake_pad/commons_brake_pad_2470132.jpg,braking,brake_pad,brake_pad,An automotive brake pad that presses against a disc.,MATCH,wikimedia
train_external_image_brake_pad_2470132_partial_match,external_image_brake_pad_2470132,external_group_brake_pad_2470132,wikimedia_object_brake_pad_2470132,data/images/wikimedia/brake_pad/commons_brake_pad_2470132.jpg,braking,brake_pad,brake_disc,A metal brake disc used in a vehicle braking system.,PARTIAL_MATCH,wikimedia
train_external_image_brake_pad_2470132_mismatch,external_image_brake_pad_2470132,external_group_brake_pad_2470132,wikimedia_object_brake_pad_2470132,data/images/wikimedia/brake_pad/commons_brake_pad_2470132.jpg,braking,brake_pad,shock_absorber,A vehicle shock absorber used as a suspension damper.,MISMATCH,wikimedia
train_external_image_brake_pad_47781594_match,external_image_brake_pad_47781594,external_group_brake_pad_47781594,wikimedia_object_brake_pad_47781594,data/images/wikimedia/brake_pad/commons_brake_pad_47781594.jpg,braking,brake_pad,brake_pad,An automotive brake pad that presses against a disc.,MATCH,wikimedia
train_external_image_brake_pad_47781594_partial_match,external_image_brake_pad_47781594,external_group_brake_pad_47781594,wikimedia_object_brake_pad_47781594,data/images/wikimedia/brake_pad/commons_brake_pad_47781594.jpg,braking,brake_pad,brake_disc,A metal brake disc used in a vehicle braking system.,PARTIAL_MATCH,wikimedia
train_external_image_brake_pad_47781594_mismatch,external_image_brake_pad_47781594,external_group_brake_pad_47781594,wikimedia_object_brake_pad_47781594,data/images/wikimedia/brake_pad/commons_brake_pad_47781594.jpg,braking,brake_pad,shock_absorber,A vehicle shock absorber used as a suspension damper.,MISMATCH,wikimedia
train_coil_spring_001_01_match,coil_spring_001_01,coil_spring_001,synthetic_family_coil_spring,data/images/generated/coil_spring_001_01.png,suspension,coil_spring,coil_spring,A coil spring from a passenger-vehicle suspension.,MATCH,generated
train_coil_spring_001_01_partial_match,coil_spring_001_01,coil_spring_001,synthetic_family_coil_spring,data/images/generated/coil_spring_001_01.png,suspension,coil_spring,shock_absorber,A vehicle shock absorber used as a suspension damper.,PARTIAL_MATCH,generated
train_coil_spring_001_01_mismatch,coil_spring_001_01,coil_spring_001,synthetic_family_coil_spring,data/images/generated/coil_spring_001_01.png,suspension,coil_spring,headlight,A front headlight assembly used on an automobile.,MISMATCH,generated
train_coil_spring_002_01_match,coil_spring_002_01,coil_spring_002,synthetic_family_coil_spring,data/images/generated/coil_spring_002_01.png,suspension,coil_spring,coil_spring,A coil spring from a passenger-vehicle suspension.,MATCH,generated
train_coil_spring_002_01_partial_match,coil_spring_002_01,coil_spring_002,synthetic_family_coil_spring,data/images/generated/coil_spring_002_01.png,suspension,coil_spring,shock_absorber,A vehicle shock absorber used as a suspension damper.,PARTIAL_MATCH,generated
train_coil_spring_002_01_mismatch,coil_spring_002_01,coil_spring_002,synthetic_family_coil_spring,data/images/generated/coil_spring_002_01.png,suspension,coil_spring,headlight,A front headlight assembly used on an automobile.,MISMATCH,generated
train_coil_spring_003_01_match,coil_spring_003_01,coil_spring_003,synthetic_family_coil_spring,data/images/generated/coil_spring_003_01.png,suspension,coil_spring,coil_spring,A coil spring from a passenger-vehicle suspension.,MATCH,generated
train_coil_spring_003_01_partial_match,coil_spring_003_01,coil_spring_003,synthetic_family_coil_spring,data/images/generated/coil_spring_003_01.png,suspension,coil_spring,shock_absorber,A vehicle shock absorber used as a suspension damper.,PARTIAL_MATCH,generated
train_coil_spring_003_01_mismatch,coil_spring_003_01,coil_spring_003,synthetic_family_coil_spring,data/images/generated/coil_spring_003_01.png,suspension,coil_spring,headlight,A front headlight assembly used on an automobile.,MISMATCH,generated
train_coil_spring_004_01_match,coil_spring_004_01,coil_spring_004,synthetic_family_coil_spring,data/images/generated/coil_spring_004_01.png,suspension,coil_spring,coil_spring,A coil spring from a passenger-vehicle suspension.,MATCH,generated
train_coil_spring_004_01_partial_match,coil_spring_004_01,coil_spring_004,synthetic_family_coil_spring,data/images/generated/coil_spring_004_01.png,suspension,coil_spring,shock_absorber,A vehicle shock absorber used as a suspension damper.,PARTIAL_MATCH,generated
train_coil_spring_004_01_mismatch,coil_spring_004_01,coil_spring_004,synthetic_family_coil_spring,data/images/generated/coil_spring_004_01.png,suspension,coil_spring,headlight,A front headlight assembly used on an automobile.,MISMATCH,generated
train_coil_spring_005_01_match,coil_spring_005_01,coil_spring_005,synthetic_family_coil_spring,data/images/generated/coil_spring_005_01.png,suspension,coil_spring,coil_spring,A coil spring from a passenger-vehicle suspension.,MATCH,generated
train_coil_spring_005_01_partial_match,coil_spring_005_01,coil_spring_005,synthetic_family_coil_spring,data/images/generated/coil_spring_005_01.png,suspension,coil_spring,shock_absorber,A vehicle shock absorber used as a suspension damper.,PARTIAL_MATCH,generated
train_coil_spring_005_01_mismatch,coil_spring_005_01,coil_spring_005,synthetic_family_coil_spring,data/images/generated/coil_spring_005_01.png,suspension,coil_spring,headlight,A front headlight assembly used on an automobile.,MISMATCH,generated
train_external_image_coil_spring_1136563_match,external_image_coil_spring_1136563,external_group_coil_spring_1136563,wikimedia_object_coil_spring_1136563,data/images/wikimedia/coil_spring/commons_coil_spring_1136563.jpg,suspension,coil_spring,coil_spring,A coil spring from a passenger-vehicle suspension.,MATCH,wikimedia
train_external_image_coil_spring_1136563_partial_match,external_image_coil_spring_1136563,external_group_coil_spring_1136563,wikimedia_object_coil_spring_1136563,data/images/wikimedia/coil_spring/commons_coil_spring_1136563.jpg,suspension,coil_spring,shock_absorber,A vehicle shock absorber used as a suspension damper.,PARTIAL_MATCH,wikimedia
train_external_image_coil_spring_1136563_mismatch,external_image_coil_spring_1136563,external_group_coil_spring_1136563,wikimedia_object_coil_spring_1136563,data/images/wikimedia/coil_spring/commons_coil_spring_1136563.jpg,suspension,coil_spring,headlight,A front headlight assembly used on an automobile.,MISMATCH,wikimedia
train_external_image_coil_spring_1435750_match,external_image_coil_spring_1435750,external_group_coil_spring_1435750,wikimedia_object_coil_spring_1435750,data/images/wikimedia/coil_spring/commons_coil_spring_1435750.jpg,suspension,coil_spring,coil_spring,A coil spring from a passenger-vehicle suspension.,MATCH,wikimedia
train_external_image_coil_spring_1435750_partial_match,external_image_coil_spring_1435750,external_group_coil_spring_1435750,wikimedia_object_coil_spring_1435750,data/images/wikimedia/coil_spring/commons_coil_spring_1435750.jpg,suspension,coil_spring,shock_absorber,A vehicle shock absorber used as a suspension damper.,PARTIAL_MATCH,wikimedia
train_external_image_coil_spring_1435750_mismatch,external_image_coil_spring_1435750,external_group_coil_spring_1435750,wikimedia_object_coil_spring_1435750,data/images/wikimedia/coil_spring/commons_coil_spring_1435750.jpg,suspension,coil_spring,headlight,A front headlight assembly used on an automobile.,MISMATCH,wikimedia
train_external_image_coil_spring_18496373_match,external_image_coil_spring_18496373,external_group_coil_spring_18496373,wikimedia_object_coil_spring_18496373,data/images/wikimedia/coil_spring/commons_coil_spring_18496373.jpg,suspension,coil_spring,coil_spring,A coil spring from a passenger-vehicle suspension.,MATCH,wikimedia
train_external_image_coil_spring_18496373_partial_match,external_image_coil_spring_18496373,external_group_coil_spring_18496373,wikimedia_object_coil_spring_18496373,data/images/wikimedia/coil_spring/commons_coil_spring_18496373.jpg,suspension,coil_spring,shock_absorber,A vehicle shock absorber used as a suspension damper.,PARTIAL_MATCH,wikimedia
train_external_image_coil_spring_18496373_mismatch,external_image_coil_spring_18496373,external_group_coil_spring_18496373,wikimedia_object_coil_spring_18496373,data/images/wikimedia/coil_spring/commons_coil_spring_18496373.jpg,suspension,coil_spring,headlight,A front headlight assembly used on an automobile.,MISMATCH,wikimedia
train_external_image_coil_spring_4525127_match,external_image_coil_spring_4525127,external_group_coil_spring_4525127,wikimedia_object_coil_spring_4525127,data/images/wikimedia/coil_spring/commons_coil_spring_4525127.jpg,suspension,coil_spring,coil_spring,A coil spring from a passenger-vehicle suspension.,MATCH,wikimedia
train_external_image_coil_spring_4525127_partial_match,external_image_coil_spring_4525127,external_group_coil_spring_4525127,wikimedia_object_coil_spring_4525127,data/images/wikimedia/coil_spring/commons_coil_spring_4525127.jpg,suspension,coil_spring,shock_absorber,A vehicle shock absorber used as a suspension damper.,PARTIAL_MATCH,wikimedia
train_external_image_coil_spring_4525127_mismatch,external_image_coil_spring_4525127,external_group_coil_spring_4525127,wikimedia_object_coil_spring_4525127,data/images/wikimedia/coil_spring/commons_coil_spring_4525127.jpg,suspension,coil_spring,headlight,A front headlight assembly used on an automobile.,MISMATCH,wikimedia
train_external_image_coil_spring_8858562_match,external_image_coil_spring_8858562,external_group_coil_spring_8858562,wikimedia_object_coil_spring_8858562,data/images/wikimedia/coil_spring/commons_coil_spring_8858562.jpg,suspension,coil_spring,coil_spring,A coil spring from a passenger-vehicle suspension.,MATCH,wikimedia
train_external_image_coil_spring_8858562_partial_match,external_image_coil_spring_8858562,external_group_coil_spring_8858562,wikimedia_object_coil_spring_8858562,data/images/wikimedia/coil_spring/commons_coil_spring_8858562.jpg,suspension,coil_spring,shock_absorber,A vehicle shock absorber used as a suspension damper.,PARTIAL_MATCH,wikimedia
train_external_image_coil_spring_8858562_mismatch,external_image_coil_spring_8858562,external_group_coil_spring_8858562,wikimedia_object_coil_spring_8858562,data/images/wikimedia/coil_spring/commons_coil_spring_8858562.jpg,suspension,coil_spring,headlight,A front headlight assembly used on an automobile.,MISMATCH,wikimedia
train_headlight_001_01_match,headlight_001_01,headlight_001,synthetic_family_headlight,data/images/generated/headlight_001_01.png,lighting,headlight,headlight,A front headlight assembly used on an automobile.,MATCH,generated
train_headlight_001_01_partial_match,headlight_001_01,headlight_001,synthetic_family_headlight,data/images/generated/headlight_001_01.png,lighting,headlight,taillight,A rear taillight assembly from an automobile.,PARTIAL_MATCH,generated
train_headlight_001_01_mismatch,headlight_001_01,headlight_001,synthetic_family_headlight,data/images/generated/headlight_001_01.png,lighting,headlight,air_filter,An automotive air filter for the engine intake system.,MISMATCH,generated
train_headlight_002_01_match,headlight_002_01,headlight_002,synthetic_family_headlight,data/images/generated/headlight_002_01.png,lighting,headlight,headlight,A front headlight assembly used on an automobile.,MATCH,generated
train_headlight_002_01_partial_match,headlight_002_01,headlight_002,synthetic_family_headlight,data/images/generated/headlight_002_01.png,lighting,headlight,taillight,A rear taillight assembly from an automobile.,PARTIAL_MATCH,generated
train_headlight_002_01_mismatch,headlight_002_01,headlight_002,synthetic_family_headlight,data/images/generated/headlight_002_01.png,lighting,headlight,air_filter,An automotive air filter for the engine intake system.,MISMATCH,generated
train_headlight_003_01_match,headlight_003_01,headlight_003,synthetic_family_headlight,data/images/generated/headlight_003_01.png,lighting,headlight,headlight,A front headlight assembly used on an automobile.,MATCH,generated
train_headlight_003_01_partial_match,headlight_003_01,headlight_003,synthetic_family_headlight,data/images/generated/headlight_003_01.png,lighting,headlight,taillight,A rear taillight assembly from an automobile.,PARTIAL_MATCH,generated
train_headlight_003_01_mismatch,headlight_003_01,headlight_003,synthetic_family_headlight,data/images/generated/headlight_003_01.png,lighting,headlight,air_filter,An automotive air filter for the engine intake system.,MISMATCH,generated
train_headlight_004_01_match,headlight_004_01,headlight_004,synthetic_family_headlight,data/images/generated/headlight_004_01.png,lighting,headlight,headlight,A front headlight assembly used on an automobile.,MATCH,generated
train_headlight_004_01_partial_match,headlight_004_01,headlight_004,synthetic_family_headlight,data/images/generated/headlight_004_01.png,lighting,headlight,taillight,A rear taillight assembly from an automobile.,PARTIAL_MATCH,generated
train_headlight_004_01_mismatch,headlight_004_01,headlight_004,synthetic_family_headlight,data/images/generated/headlight_004_01.png,lighting,headlight,air_filter,An automotive air filter for the engine intake system.,MISMATCH,generated
train_headlight_005_01_match,headlight_005_01,headlight_005,synthetic_family_headlight,data/images/generated/headlight_005_01.png,lighting,headlight,headlight,A front headlight assembly used on an automobile.,MATCH,generated
train_headlight_005_01_partial_match,headlight_005_01,headlight_005,synthetic_family_headlight,data/images/generated/headlight_005_01.png,lighting,headlight,taillight,A rear taillight assembly from an automobile.,PARTIAL_MATCH,generated
train_headlight_005_01_mismatch,headlight_005_01,headlight_005,synthetic_family_headlight,data/images/generated/headlight_005_01.png,lighting,headlight,air_filter,An automotive air filter for the engine intake system.,MISMATCH,generated
train_external_image_headlight_1603335_match,external_image_headlight_1603335,external_group_headlight_1603335,wikimedia_object_headlight_1603335,data/images/wikimedia/headlight/commons_headlight_1603335.jpg,lighting,headlight,headlight,A front headlight assembly used on an automobile.,MATCH,wikimedia
train_external_image_headlight_1603335_partial_match,external_image_headlight_1603335,external_group_headlight_1603335,wikimedia_object_headlight_1603335,data/images/wikimedia/headlight/commons_headlight_1603335.jpg,lighting,headlight,taillight,A rear taillight assembly from an automobile.,PARTIAL_MATCH,wikimedia
train_external_image_headlight_1603335_mismatch,external_image_headlight_1603335,external_group_headlight_1603335,wikimedia_object_headlight_1603335,data/images/wikimedia/headlight/commons_headlight_1603335.jpg,lighting,headlight,air_filter,An automotive air filter for the engine intake system.,MISMATCH,wikimedia
train_external_image_headlight_1859134_match,external_image_headlight_1859134,external_group_headlight_1859134,wikimedia_object_headlight_1859134,data/images/wikimedia/headlight/commons_headlight_1859134.jpg,lighting,headlight,headlight,A front headlight assembly used on an automobile.,MATCH,wikimedia
train_external_image_headlight_1859134_partial_match,external_image_headlight_1859134,external_group_headlight_1859134,wikimedia_object_headlight_1859134,data/images/wikimedia/headlight/commons_headlight_1859134.jpg,lighting,headlight,taillight,A rear taillight assembly from an automobile.,PARTIAL_MATCH,wikimedia
train_external_image_headlight_1859134_mismatch,external_image_headlight_1859134,external_group_headlight_1859134,wikimedia_object_headlight_1859134,data/images/wikimedia/headlight/commons_headlight_1859134.jpg,lighting,headlight,air_filter,An automotive air filter for the engine intake system.,MISMATCH,wikimedia
train_external_image_headlight_2096229_match,external_image_headlight_2096229,external_group_headlight_2096229,wikimedia_object_headlight_2096229,data/images/wikimedia/headlight/commons_headlight_2096229.png,lighting,headlight,headlight,A front headlight assembly used on an automobile.,MATCH,wikimedia
train_external_image_headlight_2096229_partial_match,external_image_headlight_2096229,external_group_headlight_2096229,wikimedia_object_headlight_2096229,data/images/wikimedia/headlight/commons_headlight_2096229.png,lighting,headlight,taillight,A rear taillight assembly from an automobile.,PARTIAL_MATCH,wikimedia
train_external_image_headlight_2096229_mismatch,external_image_headlight_2096229,external_group_headlight_2096229,wikimedia_object_headlight_2096229,data/images/wikimedia/headlight/commons_headlight_2096229.png,lighting,headlight,air_filter,An automotive air filter for the engine intake system.,MISMATCH,wikimedia
train_external_image_headlight_2983638_match,external_image_headlight_2983638,external_group_headlight_2983638,wikimedia_object_headlight_2983638,data/images/wikimedia/headlight/commons_headlight_2983638.jpg,lighting,headlight,headlight,A front headlight assembly used on an automobile.,MATCH,wikimedia
train_external_image_headlight_2983638_partial_match,external_image_headlight_2983638,external_group_headlight_2983638,wikimedia_object_headlight_2983638,data/images/wikimedia/headlight/commons_headlight_2983638.jpg,lighting,headlight,taillight,A rear taillight assembly from an automobile.,PARTIAL_MATCH,wikimedia
train_external_image_headlight_2983638_mismatch,external_image_headlight_2983638,external_group_headlight_2983638,wikimedia_object_headlight_2983638,data/images/wikimedia/headlight/commons_headlight_2983638.jpg,lighting,headlight,air_filter,An automotive air filter for the engine intake system.,MISMATCH,wikimedia
train_external_image_headlight_4620767_match,external_image_headlight_4620767,external_group_headlight_4620767,wikimedia_object_headlight_4620767,data/images/wikimedia/headlight/commons_headlight_4620767.jpg,lighting,headlight,headlight,A front headlight assembly used on an automobile.,MATCH,wikimedia
train_external_image_headlight_4620767_partial_match,external_image_headlight_4620767,external_group_headlight_4620767,wikimedia_object_headlight_4620767,data/images/wikimedia/headlight/commons_headlight_4620767.jpg,lighting,headlight,taillight,A rear taillight assembly from an automobile.,PARTIAL_MATCH,wikimedia
train_external_image_headlight_4620767_mismatch,external_image_headlight_4620767,external_group_headlight_4620767,wikimedia_object_headlight_4620767,data/images/wikimedia/headlight/commons_headlight_4620767.jpg,lighting,headlight,air_filter,An automotive air filter for the engine intake system.,MISMATCH,wikimedia
train_oil_filter_001_01_match,oil_filter_001_01,oil_filter_001,synthetic_family_oil_filter,data/images/generated/oil_filter_001_01.png,filtration,oil_filter,oil_filter,An engine oil filter designed for a road vehicle.,MATCH,generated
train_oil_filter_001_01_partial_match,oil_filter_001_01,oil_filter_001,synthetic_family_oil_filter,data/images/generated/oil_filter_001_01.png,filtration,oil_filter,air_filter,An automotive air filter for the engine intake system.,PARTIAL_MATCH,generated
train_oil_filter_001_01_mismatch,oil_filter_001_01,oil_filter_001,synthetic_family_oil_filter,data/images/generated/oil_filter_001_01.png,filtration,oil_filter,starter,An electric starter motor for an internal-combustion engine.,MISMATCH,generated
train_oil_filter_002_01_match,oil_filter_002_01,oil_filter_002,synthetic_family_oil_filter,data/images/generated/oil_filter_002_01.png,filtration,oil_filter,oil_filter,An engine oil filter designed for a road vehicle.,MATCH,generated
train_oil_filter_002_01_partial_match,oil_filter_002_01,oil_filter_002,synthetic_family_oil_filter,data/images/generated/oil_filter_002_01.png,filtration,oil_filter,air_filter,An automotive air filter for the engine intake system.,PARTIAL_MATCH,generated
train_oil_filter_002_01_mismatch,oil_filter_002_01,oil_filter_002,synthetic_family_oil_filter,data/images/generated/oil_filter_002_01.png,filtration,oil_filter,starter,An electric starter motor for an internal-combustion engine.,MISMATCH,generated
train_oil_filter_003_01_match,oil_filter_003_01,oil_filter_003,synthetic_family_oil_filter,data/images/generated/oil_filter_003_01.png,filtration,oil_filter,oil_filter,An engine oil filter designed for a road vehicle.,MATCH,generated
train_oil_filter_003_01_partial_match,oil_filter_003_01,oil_filter_003,synthetic_family_oil_filter,data/images/generated/oil_filter_003_01.png,filtration,oil_filter,air_filter,An automotive air filter for the engine intake system.,PARTIAL_MATCH,generated
train_oil_filter_003_01_mismatch,oil_filter_003_01,oil_filter_003,synthetic_family_oil_filter,data/images/generated/oil_filter_003_01.png,filtration,oil_filter,starter,An electric starter motor for an internal-combustion engine.,MISMATCH,generated
train_oil_filter_004_01_match,oil_filter_004_01,oil_filter_004,synthetic_family_oil_filter,data/images/generated/oil_filter_004_01.png,filtration,oil_filter,oil_filter,An engine oil filter designed for a road vehicle.,MATCH,generated
train_oil_filter_004_01_partial_match,oil_filter_004_01,oil_filter_004,synthetic_family_oil_filter,data/images/generated/oil_filter_004_01.png,filtration,oil_filter,air_filter,An automotive air filter for the engine intake system.,PARTIAL_MATCH,generated
train_oil_filter_004_01_mismatch,oil_filter_004_01,oil_filter_004,synthetic_family_oil_filter,data/images/generated/oil_filter_004_01.png,filtration,oil_filter,starter,An electric starter motor for an internal-combustion engine.,MISMATCH,generated
train_oil_filter_005_01_match,oil_filter_005_01,oil_filter_005,synthetic_family_oil_filter,data/images/generated/oil_filter_005_01.png,filtration,oil_filter,oil_filter,An engine oil filter designed for a road vehicle.,MATCH,generated
train_oil_filter_005_01_partial_match,oil_filter_005_01,oil_filter_005,synthetic_family_oil_filter,data/images/generated/oil_filter_005_01.png,filtration,oil_filter,air_filter,An automotive air filter for the engine intake system.,PARTIAL_MATCH,generated
train_oil_filter_005_01_mismatch,oil_filter_005_01,oil_filter_005,synthetic_family_oil_filter,data/images/generated/oil_filter_005_01.png,filtration,oil_filter,starter,An electric starter motor for an internal-combustion engine.,MISMATCH,generated
train_external_image_oil_filter_1012231_match,external_image_oil_filter_1012231,external_group_oil_filter_1012231,wikimedia_object_oil_filter_1012231,data/images/wikimedia/oil_filter/commons_oil_filter_1012231.jpg,filtration,oil_filter,oil_filter,An engine oil filter designed for a road vehicle.,MATCH,wikimedia
train_external_image_oil_filter_1012231_partial_match,external_image_oil_filter_1012231,external_group_oil_filter_1012231,wikimedia_object_oil_filter_1012231,data/images/wikimedia/oil_filter/commons_oil_filter_1012231.jpg,filtration,oil_filter,air_filter,An automotive air filter for the engine intake system.,PARTIAL_MATCH,wikimedia
train_external_image_oil_filter_1012231_mismatch,external_image_oil_filter_1012231,external_group_oil_filter_1012231,wikimedia_object_oil_filter_1012231,data/images/wikimedia/oil_filter/commons_oil_filter_1012231.jpg,filtration,oil_filter,starter,An electric starter motor for an internal-combustion engine.,MISMATCH,wikimedia
train_external_image_oil_filter_1158213_match,external_image_oil_filter_1158213,external_group_oil_filter_1158213,wikimedia_oil_filter_115821_series,data/images/wikimedia/oil_filter/commons_oil_filter_1158213.jpg,filtration,oil_filter,oil_filter,An engine oil filter designed for a road vehicle.,MATCH,wikimedia
train_external_image_oil_filter_1158213_partial_match,external_image_oil_filter_1158213,external_group_oil_filter_1158213,wikimedia_oil_filter_115821_series,data/images/wikimedia/oil_filter/commons_oil_filter_1158213.jpg,filtration,oil_filter,air_filter,An automotive air filter for the engine intake system.,PARTIAL_MATCH,wikimedia
train_external_image_oil_filter_1158213_mismatch,external_image_oil_filter_1158213,external_group_oil_filter_1158213,wikimedia_oil_filter_115821_series,data/images/wikimedia/oil_filter/commons_oil_filter_1158213.jpg,filtration,oil_filter,starter,An electric starter motor for an internal-combustion engine.,MISMATCH,wikimedia
train_external_image_oil_filter_1158214_match,external_image_oil_filter_1158214,external_group_oil_filter_1158214,wikimedia_oil_filter_115821_series,data/images/wikimedia/oil_filter/commons_oil_filter_1158214.jpg,filtration,oil_filter,oil_filter,An engine oil filter designed for a road vehicle.,MATCH,wikimedia
train_external_image_oil_filter_1158214_partial_match,external_image_oil_filter_1158214,external_group_oil_filter_1158214,wikimedia_oil_filter_115821_series,data/images/wikimedia/oil_filter/commons_oil_filter_1158214.jpg,filtration,oil_filter,air_filter,An automotive air filter for the engine intake system.,PARTIAL_MATCH,wikimedia
train_external_image_oil_filter_1158214_mismatch,external_image_oil_filter_1158214,external_group_oil_filter_1158214,wikimedia_oil_filter_115821_series,data/images/wikimedia/oil_filter/commons_oil_filter_1158214.jpg,filtration,oil_filter,starter,An electric starter motor for an internal-combustion engine.,MISMATCH,wikimedia
train_external_image_oil_filter_1715177_match,external_image_oil_filter_1715177,external_group_oil_filter_1715177,wikimedia_object_oil_filter_1715177,data/images/wikimedia/oil_filter/commons_oil_filter_1715177.jpg,filtration,oil_filter,oil_filter,An engine oil filter designed for a road vehicle.,MATCH,wikimedia
train_external_image_oil_filter_1715177_partial_match,external_image_oil_filter_1715177,external_group_oil_filter_1715177,wikimedia_object_oil_filter_1715177,data/images/wikimedia/oil_filter/commons_oil_filter_1715177.jpg,filtration,oil_filter,air_filter,An automotive air filter for the engine intake system.,PARTIAL_MATCH,wikimedia
train_external_image_oil_filter_1715177_mismatch,external_image_oil_filter_1715177,external_group_oil_filter_1715177,wikimedia_object_oil_filter_1715177,data/images/wikimedia/oil_filter/commons_oil_filter_1715177.jpg,filtration,oil_filter,starter,An electric starter motor for an internal-combustion engine.,MISMATCH,wikimedia
train_external_image_oil_filter_2584768_match,external_image_oil_filter_2584768,external_group_oil_filter_2584768,wikimedia_object_oil_filter_2584768,data/images/wikimedia/oil_filter/commons_oil_filter_2584768.jpg,filtration,oil_filter,oil_filter,An engine oil filter designed for a road vehicle.,MATCH,wikimedia
train_external_image_oil_filter_2584768_partial_match,external_image_oil_filter_2584768,external_group_oil_filter_2584768,wikimedia_object_oil_filter_2584768,data/images/wikimedia/oil_filter/commons_oil_filter_2584768.jpg,filtration,oil_filter,air_filter,An automotive air filter for the engine intake system.,PARTIAL_MATCH,wikimedia
train_external_image_oil_filter_2584768_mismatch,external_image_oil_filter_2584768,external_group_oil_filter_2584768,wikimedia_object_oil_filter_2584768,data/images/wikimedia/oil_filter/commons_oil_filter_2584768.jpg,filtration,oil_filter,starter,An electric starter motor for an internal-combustion engine.,MISMATCH,wikimedia
train_shock_absorber_001_01_match,shock_absorber_001_01,shock_absorber_001,synthetic_family_shock_absorber,data/images/generated/shock_absorber_001_01.png,suspension,shock_absorber,shock_absorber,A vehicle shock absorber used as a suspension damper.,MATCH,generated
train_shock_absorber_001_01_partial_match,shock_absorber_001_01,shock_absorber_001,synthetic_family_shock_absorber,data/images/generated/shock_absorber_001_01.png,suspension,shock_absorber,coil_spring,A coil spring from a passenger-vehicle suspension.,PARTIAL_MATCH,generated
train_shock_absorber_001_01_mismatch,shock_absorber_001_01,shock_absorber_001,synthetic_family_shock_absorber,data/images/generated/shock_absorber_001_01.png,suspension,shock_absorber,taillight,A rear taillight assembly from an automobile.,MISMATCH,generated
train_shock_absorber_002_01_match,shock_absorber_002_01,shock_absorber_002,synthetic_family_shock_absorber,data/images/generated/shock_absorber_002_01.png,suspension,shock_absorber,shock_absorber,A vehicle shock absorber used as a suspension damper.,MATCH,generated
train_shock_absorber_002_01_partial_match,shock_absorber_002_01,shock_absorber_002,synthetic_family_shock_absorber,data/images/generated/shock_absorber_002_01.png,suspension,shock_absorber,coil_spring,A coil spring from a passenger-vehicle suspension.,PARTIAL_MATCH,generated
train_shock_absorber_002_01_mismatch,shock_absorber_002_01,shock_absorber_002,synthetic_family_shock_absorber,data/images/generated/shock_absorber_002_01.png,suspension,shock_absorber,taillight,A rear taillight assembly from an automobile.,MISMATCH,generated
train_shock_absorber_003_01_match,shock_absorber_003_01,shock_absorber_003,synthetic_family_shock_absorber,data/images/generated/shock_absorber_003_01.png,suspension,shock_absorber,shock_absorber,A vehicle shock absorber used as a suspension damper.,MATCH,generated
train_shock_absorber_003_01_partial_match,shock_absorber_003_01,shock_absorber_003,synthetic_family_shock_absorber,data/images/generated/shock_absorber_003_01.png,suspension,shock_absorber,coil_spring,A coil spring from a passenger-vehicle suspension.,PARTIAL_MATCH,generated
train_shock_absorber_003_01_mismatch,shock_absorber_003_01,shock_absorber_003,synthetic_family_shock_absorber,data/images/generated/shock_absorber_003_01.png,suspension,shock_absorber,taillight,A rear taillight assembly from an automobile.,MISMATCH,generated
train_shock_absorber_004_01_match,shock_absorber_004_01,shock_absorber_004,synthetic_family_shock_absorber,data/images/generated/shock_absorber_004_01.png,suspension,shock_absorber,shock_absorber,A vehicle shock absorber used as a suspension damper.,MATCH,generated
train_shock_absorber_004_01_partial_match,shock_absorber_004_01,shock_absorber_004,synthetic_family_shock_absorber,data/images/generated/shock_absorber_004_01.png,suspension,shock_absorber,coil_spring,A coil spring from a passenger-vehicle suspension.,PARTIAL_MATCH,generated
train_shock_absorber_004_01_mismatch,shock_absorber_004_01,shock_absorber_004,synthetic_family_shock_absorber,data/images/generated/shock_absorber_004_01.png,suspension,shock_absorber,taillight,A rear taillight assembly from an automobile.,MISMATCH,generated
train_shock_absorber_005_01_match,shock_absorber_005_01,shock_absorber_005,synthetic_family_shock_absorber,data/images/generated/shock_absorber_005_01.png,suspension,shock_absorber,shock_absorber,A vehicle shock absorber used as a suspension damper.,MATCH,generated
train_shock_absorber_005_01_partial_match,shock_absorber_005_01,shock_absorber_005,synthetic_family_shock_absorber,data/images/generated/shock_absorber_005_01.png,suspension,shock_absorber,coil_spring,A coil spring from a passenger-vehicle suspension.,PARTIAL_MATCH,generated
train_shock_absorber_005_01_mismatch,shock_absorber_005_01,shock_absorber_005,synthetic_family_shock_absorber,data/images/generated/shock_absorber_005_01.png,suspension,shock_absorber,taillight,A rear taillight assembly from an automobile.,MISMATCH,generated
train_external_image_shock_absorber_1196179_match,external_image_shock_absorber_1196179,external_group_shock_absorber_1196179,wikimedia_shock_absorber_11961_series,data/images/wikimedia/shock_absorber/commons_shock_absorber_1196179.jpg,suspension,shock_absorber,shock_absorber,A vehicle shock absorber used as a suspension damper.,MATCH,wikimedia
train_external_image_shock_absorber_1196179_partial_match,external_image_shock_absorber_1196179,external_group_shock_absorber_1196179,wikimedia_shock_absorber_11961_series,data/images/wikimedia/shock_absorber/commons_shock_absorber_1196179.jpg,suspension,shock_absorber,coil_spring,A coil spring from a passenger-vehicle suspension.,PARTIAL_MATCH,wikimedia
train_external_image_shock_absorber_1196179_mismatch,external_image_shock_absorber_1196179,external_group_shock_absorber_1196179,wikimedia_shock_absorber_11961_series,data/images/wikimedia/shock_absorber/commons_shock_absorber_1196179.jpg,suspension,shock_absorber,taillight,A rear taillight assembly from an automobile.,MISMATCH,wikimedia
train_external_image_shock_absorber_1196183_match,external_image_shock_absorber_1196183,external_group_shock_absorber_1196183,wikimedia_shock_absorber_11961_series,data/images/wikimedia/shock_absorber/commons_shock_absorber_1196183.jpg,suspension,shock_absorber,shock_absorber,A vehicle shock absorber used as a suspension damper.,MATCH,wikimedia
train_external_image_shock_absorber_1196183_partial_match,external_image_shock_absorber_1196183,external_group_shock_absorber_1196183,wikimedia_shock_absorber_11961_series,data/images/wikimedia/shock_absorber/commons_shock_absorber_1196183.jpg,suspension,shock_absorber,coil_spring,A coil spring from a passenger-vehicle suspension.,PARTIAL_MATCH,wikimedia
train_external_image_shock_absorber_1196183_mismatch,external_image_shock_absorber_1196183,external_group_shock_absorber_1196183,wikimedia_shock_absorber_11961_series,data/images/wikimedia/shock_absorber/commons_shock_absorber_1196183.jpg,suspension,shock_absorber,taillight,A rear taillight assembly from an automobile.,MISMATCH,wikimedia
train_external_image_shock_absorber_1196186_match,external_image_shock_absorber_1196186,external_group_shock_absorber_1196186,wikimedia_shock_absorber_11961_series,data/images/wikimedia/shock_absorber/commons_shock_absorber_1196186.jpg,suspension,shock_absorber,shock_absorber,A vehicle shock absorber used as a suspension damper.,MATCH,wikimedia
train_external_image_shock_absorber_1196186_partial_match,external_image_shock_absorber_1196186,external_group_shock_absorber_1196186,wikimedia_shock_absorber_11961_series,data/images/wikimedia/shock_absorber/commons_shock_absorber_1196186.jpg,suspension,shock_absorber,coil_spring,A coil spring from a passenger-vehicle suspension.,PARTIAL_MATCH,wikimedia
train_external_image_shock_absorber_1196186_mismatch,external_image_shock_absorber_1196186,external_group_shock_absorber_1196186,wikimedia_shock_absorber_11961_series,data/images/wikimedia/shock_absorber/commons_shock_absorber_1196186.jpg,suspension,shock_absorber,taillight,A rear taillight assembly from an automobile.,MISMATCH,wikimedia
train_external_image_shock_absorber_551757_match,external_image_shock_absorber_551757,external_group_shock_absorber_551757,wikimedia_object_shock_absorber_551757,data/images/wikimedia/shock_absorber/commons_shock_absorber_551757.jpg,suspension,shock_absorber,shock_absorber,A vehicle shock absorber used as a suspension damper.,MATCH,wikimedia
train_external_image_shock_absorber_551757_partial_match,external_image_shock_absorber_551757,external_group_shock_absorber_551757,wikimedia_object_shock_absorber_551757,data/images/wikimedia/shock_absorber/commons_shock_absorber_551757.jpg,suspension,shock_absorber,coil_spring,A coil spring from a passenger-vehicle suspension.,PARTIAL_MATCH,wikimedia
train_external_image_shock_absorber_551757_mismatch,external_image_shock_absorber_551757,external_group_shock_absorber_551757,wikimedia_object_shock_absorber_551757,data/images/wikimedia/shock_absorber/commons_shock_absorber_551757.jpg,suspension,shock_absorber,taillight,A rear taillight assembly from an automobile.,MISMATCH,wikimedia
train_external_image_shock_absorber_886414_match,external_image_shock_absorber_886414,external_group_shock_absorber_886414,wikimedia_object_shock_absorber_886414,data/images/wikimedia/shock_absorber/commons_shock_absorber_886414.jpg,suspension,shock_absorber,shock_absorber,A vehicle shock absorber used as a suspension damper.,MATCH,wikimedia
train_external_image_shock_absorber_886414_partial_match,external_image_shock_absorber_886414,external_group_shock_absorber_886414,wikimedia_object_shock_absorber_886414,data/images/wikimedia/shock_absorber/commons_shock_absorber_886414.jpg,suspension,shock_absorber,coil_spring,A coil spring from a passenger-vehicle suspension.,PARTIAL_MATCH,wikimedia
train_external_image_shock_absorber_886414_mismatch,external_image_shock_absorber_886414,external_group_shock_absorber_886414,wikimedia_object_shock_absorber_886414,data/images/wikimedia/shock_absorber/commons_shock_absorber_886414.jpg,suspension,shock_absorber,taillight,A rear taillight assembly from an automobile.,MISMATCH,wikimedia
train_starter_001_01_match,starter_001_01,starter_001,synthetic_family_starter,data/images/generated/starter_001_01.png,electrical,starter,starter,An electric starter motor for an internal-combustion engine.,MATCH,generated
train_starter_001_01_partial_match,starter_001_01,starter_001,synthetic_family_starter,data/images/generated/starter_001_01.png,electrical,starter,alternator,A vehicle alternator used by the electrical charging system.,PARTIAL_MATCH,generated
train_starter_001_01_mismatch,starter_001_01,starter_001,synthetic_family_starter,data/images/generated/starter_001_01.png,electrical,starter,brake_pad,An automotive brake pad that presses against a disc.,MISMATCH,generated
train_starter_002_01_match,starter_002_01,starter_002,synthetic_family_starter,data/images/generated/starter_002_01.png,electrical,starter,starter,An electric starter motor for an internal-combustion engine.,MATCH,generated
train_starter_002_01_partial_match,starter_002_01,starter_002,synthetic_family_starter,data/images/generated/starter_002_01.png,electrical,starter,alternator,A vehicle alternator used by the electrical charging system.,PARTIAL_MATCH,generated
train_starter_002_01_mismatch,starter_002_01,starter_002,synthetic_family_starter,data/images/generated/starter_002_01.png,electrical,starter,brake_pad,An automotive brake pad that presses against a disc.,MISMATCH,generated
train_starter_003_01_match,starter_003_01,starter_003,synthetic_family_starter,data/images/generated/starter_003_01.png,electrical,starter,starter,An electric starter motor for an internal-combustion engine.,MATCH,generated
train_starter_003_01_partial_match,starter_003_01,starter_003,synthetic_family_starter,data/images/generated/starter_003_01.png,electrical,starter,alternator,A vehicle alternator used by the electrical charging system.,PARTIAL_MATCH,generated
train_starter_003_01_mismatch,starter_003_01,starter_003,synthetic_family_starter,data/images/generated/starter_003_01.png,electrical,starter,brake_pad,An automotive brake pad that presses against a disc.,MISMATCH,generated
train_starter_004_01_match,starter_004_01,starter_004,synthetic_family_starter,data/images/generated/starter_004_01.png,electrical,starter,starter,An electric starter motor for an internal-combustion engine.,MATCH,generated
train_starter_004_01_partial_match,starter_004_01,starter_004,synthetic_family_starter,data/images/generated/starter_004_01.png,electrical,starter,alternator,A vehicle alternator used by the electrical charging system.,PARTIAL_MATCH,generated
train_starter_004_01_mismatch,starter_004_01,starter_004,synthetic_family_starter,data/images/generated/starter_004_01.png,electrical,starter,brake_pad,An automotive brake pad that presses against a disc.,MISMATCH,generated
train_starter_005_01_match,starter_005_01,starter_005,synthetic_family_starter,data/images/generated/starter_005_01.png,electrical,starter,starter,An electric starter motor for an internal-combustion engine.,MATCH,generated
train_starter_005_01_partial_match,starter_005_01,starter_005,synthetic_family_starter,data/images/generated/starter_005_01.png,electrical,starter,alternator,A vehicle alternator used by the electrical charging system.,PARTIAL_MATCH,generated
train_starter_005_01_mismatch,starter_005_01,starter_005,synthetic_family_starter,data/images/generated/starter_005_01.png,electrical,starter,brake_pad,An automotive brake pad that presses against a disc.,MISMATCH,generated
train_external_image_starter_1048980_match,external_image_starter_1048980,external_group_starter_1048980,wikimedia_object_starter_1048980,data/images/wikimedia/starter/commons_starter_1048980.jpg,electrical,starter,starter,An electric starter motor for an internal-combustion engine.,MATCH,wikimedia
train_external_image_starter_1048980_partial_match,external_image_starter_1048980,external_group_starter_1048980,wikimedia_object_starter_1048980,data/images/wikimedia/starter/commons_starter_1048980.jpg,electrical,starter,alternator,A vehicle alternator used by the electrical charging system.,PARTIAL_MATCH,wikimedia
train_external_image_starter_1048980_mismatch,external_image_starter_1048980,external_group_starter_1048980,wikimedia_object_starter_1048980,data/images/wikimedia/starter/commons_starter_1048980.jpg,electrical,starter,brake_pad,An automotive brake pad that presses against a disc.,MISMATCH,wikimedia
train_external_image_starter_13616832_match,external_image_starter_13616832,external_group_starter_13616832,wikimedia_object_starter_13616832,data/images/wikimedia/starter/commons_starter_13616832.jpg,electrical,starter,starter,An electric starter motor for an internal-combustion engine.,MATCH,wikimedia
train_external_image_starter_13616832_partial_match,external_image_starter_13616832,external_group_starter_13616832,wikimedia_object_starter_13616832,data/images/wikimedia/starter/commons_starter_13616832.jpg,electrical,starter,alternator,A vehicle alternator used by the electrical charging system.,PARTIAL_MATCH,wikimedia
train_external_image_starter_13616832_mismatch,external_image_starter_13616832,external_group_starter_13616832,wikimedia_object_starter_13616832,data/images/wikimedia/starter/commons_starter_13616832.jpg,electrical,starter,brake_pad,An automotive brake pad that presses against a disc.,MISMATCH,wikimedia
train_external_image_starter_1650041_match,external_image_starter_1650041,external_group_starter_1650041,wikimedia_starter_165004_series,data/images/wikimedia/starter/commons_starter_1650041.jpg,electrical,starter,starter,An electric starter motor for an internal-combustion engine.,MATCH,wikimedia
train_external_image_starter_1650041_partial_match,external_image_starter_1650041,external_group_starter_1650041,wikimedia_starter_165004_series,data/images/wikimedia/starter/commons_starter_1650041.jpg,electrical,starter,alternator,A vehicle alternator used by the electrical charging system.,PARTIAL_MATCH,wikimedia
train_external_image_starter_1650041_mismatch,external_image_starter_1650041,external_group_starter_1650041,wikimedia_starter_165004_series,data/images/wikimedia/starter/commons_starter_1650041.jpg,electrical,starter,brake_pad,An automotive brake pad that presses against a disc.,MISMATCH,wikimedia
train_external_image_starter_1650046_match,external_image_starter_1650046,external_group_starter_1650046,wikimedia_starter_165004_series,data/images/wikimedia/starter/commons_starter_1650046.jpg,electrical,starter,starter,An electric starter motor for an internal-combustion engine.,MATCH,wikimedia
train_external_image_starter_1650046_partial_match,external_image_starter_1650046,external_group_starter_1650046,wikimedia_starter_165004_series,data/images/wikimedia/starter/commons_starter_1650046.jpg,electrical,starter,alternator,A vehicle alternator used by the electrical charging system.,PARTIAL_MATCH,wikimedia
train_external_image_starter_1650046_mismatch,external_image_starter_1650046,external_group_starter_1650046,wikimedia_starter_165004_series,data/images/wikimedia/starter/commons_starter_1650046.jpg,electrical,starter,brake_pad,An automotive brake pad that presses against a disc.,MISMATCH,wikimedia
train_external_image_starter_37895983_match,external_image_starter_37895983,external_group_starter_37895983,wikimedia_object_starter_37895983,data/images/wikimedia/starter/commons_starter_37895983.jpg,electrical,starter,starter,An electric starter motor for an internal-combustion engine.,MATCH,wikimedia
train_external_image_starter_37895983_partial_match,external_image_starter_37895983,external_group_starter_37895983,wikimedia_object_starter_37895983,data/images/wikimedia/starter/commons_starter_37895983.jpg,electrical,starter,alternator,A vehicle alternator used by the electrical charging system.,PARTIAL_MATCH,wikimedia
train_external_image_starter_37895983_mismatch,external_image_starter_37895983,external_group_starter_37895983,wikimedia_object_starter_37895983,data/images/wikimedia/starter/commons_starter_37895983.jpg,electrical,starter,brake_pad,An automotive brake pad that presses against a disc.,MISMATCH,wikimedia
train_taillight_001_01_match,taillight_001_01,taillight_001,synthetic_family_taillight,data/images/generated/taillight_001_01.png,lighting,taillight,taillight,A rear taillight assembly from an automobile.,MATCH,generated
train_taillight_001_01_partial_match,taillight_001_01,taillight_001,synthetic_family_taillight,data/images/generated/taillight_001_01.png,lighting,taillight,headlight,A front headlight assembly used on an automobile.,PARTIAL_MATCH,generated
train_taillight_001_01_mismatch,taillight_001_01,taillight_001,synthetic_family_taillight,data/images/generated/taillight_001_01.png,lighting,taillight,oil_filter,An engine oil filter designed for a road vehicle.,MISMATCH,generated
train_taillight_002_01_match,taillight_002_01,taillight_002,synthetic_family_taillight,data/images/generated/taillight_002_01.png,lighting,taillight,taillight,A rear taillight assembly from an automobile.,MATCH,generated
train_taillight_002_01_partial_match,taillight_002_01,taillight_002,synthetic_family_taillight,data/images/generated/taillight_002_01.png,lighting,taillight,headlight,A front headlight assembly used on an automobile.,PARTIAL_MATCH,generated
train_taillight_002_01_mismatch,taillight_002_01,taillight_002,synthetic_family_taillight,data/images/generated/taillight_002_01.png,lighting,taillight,oil_filter,An engine oil filter designed for a road vehicle.,MISMATCH,generated
train_taillight_003_01_match,taillight_003_01,taillight_003,synthetic_family_taillight,data/images/generated/taillight_003_01.png,lighting,taillight,taillight,A rear taillight assembly from an automobile.,MATCH,generated
train_taillight_003_01_partial_match,taillight_003_01,taillight_003,synthetic_family_taillight,data/images/generated/taillight_003_01.png,lighting,taillight,headlight,A front headlight assembly used on an automobile.,PARTIAL_MATCH,generated
train_taillight_003_01_mismatch,taillight_003_01,taillight_003,synthetic_family_taillight,data/images/generated/taillight_003_01.png,lighting,taillight,oil_filter,An engine oil filter designed for a road vehicle.,MISMATCH,generated
train_taillight_004_01_match,taillight_004_01,taillight_004,synthetic_family_taillight,data/images/generated/taillight_004_01.png,lighting,taillight,taillight,A rear taillight assembly from an automobile.,MATCH,generated
train_taillight_004_01_partial_match,taillight_004_01,taillight_004,synthetic_family_taillight,data/images/generated/taillight_004_01.png,lighting,taillight,headlight,A front headlight assembly used on an automobile.,PARTIAL_MATCH,generated
train_taillight_004_01_mismatch,taillight_004_01,taillight_004,synthetic_family_taillight,data/images/generated/taillight_004_01.png,lighting,taillight,oil_filter,An engine oil filter designed for a road vehicle.,MISMATCH,generated
train_taillight_005_01_match,taillight_005_01,taillight_005,synthetic_family_taillight,data/images/generated/taillight_005_01.png,lighting,taillight,taillight,A rear taillight assembly from an automobile.,MATCH,generated
train_taillight_005_01_partial_match,taillight_005_01,taillight_005,synthetic_family_taillight,data/images/generated/taillight_005_01.png,lighting,taillight,headlight,A front headlight assembly used on an automobile.,PARTIAL_MATCH,generated
train_taillight_005_01_mismatch,taillight_005_01,taillight_005,synthetic_family_taillight,data/images/generated/taillight_005_01.png,lighting,taillight,oil_filter,An engine oil filter designed for a road vehicle.,MISMATCH,generated
train_external_image_taillight_18026985_match,external_image_taillight_18026985,external_group_taillight_18026985,wikimedia_taillight_1802_series,data/images/wikimedia/taillight/commons_taillight_18026985.jpg,lighting,taillight,taillight,A rear taillight assembly from an automobile.,MATCH,wikimedia
train_external_image_taillight_18026985_partial_match,external_image_taillight_18026985,external_group_taillight_18026985,wikimedia_taillight_1802_series,data/images/wikimedia/taillight/commons_taillight_18026985.jpg,lighting,taillight,headlight,A front headlight assembly used on an automobile.,PARTIAL_MATCH,wikimedia
train_external_image_taillight_18026985_mismatch,external_image_taillight_18026985,external_group_taillight_18026985,wikimedia_taillight_1802_series,data/images/wikimedia/taillight/commons_taillight_18026985.jpg,lighting,taillight,oil_filter,An engine oil filter designed for a road vehicle.,MISMATCH,wikimedia
train_external_image_taillight_18027695_match,external_image_taillight_18027695,external_group_taillight_18027695,wikimedia_taillight_1802_series,data/images/wikimedia/taillight/commons_taillight_18027695.jpg,lighting,taillight,taillight,A rear taillight assembly from an automobile.,MATCH,wikimedia
train_external_image_taillight_18027695_partial_match,external_image_taillight_18027695,external_group_taillight_18027695,wikimedia_taillight_1802_series,data/images/wikimedia/taillight/commons_taillight_18027695.jpg,lighting,taillight,headlight,A front headlight assembly used on an automobile.,PARTIAL_MATCH,wikimedia
train_external_image_taillight_18027695_mismatch,external_image_taillight_18027695,external_group_taillight_18027695,wikimedia_taillight_1802_series,data/images/wikimedia/taillight/commons_taillight_18027695.jpg,lighting,taillight,oil_filter,An engine oil filter designed for a road vehicle.,MISMATCH,wikimedia
train_external_image_taillight_1900673_match,external_image_taillight_1900673,external_group_taillight_1900673,wikimedia_object_taillight_1900673,data/images/wikimedia/taillight/commons_taillight_1900673.jpg,lighting,taillight,taillight,A rear taillight assembly from an automobile.,MATCH,wikimedia
train_external_image_taillight_1900673_partial_match,external_image_taillight_1900673,external_group_taillight_1900673,wikimedia_object_taillight_1900673,data/images/wikimedia/taillight/commons_taillight_1900673.jpg,lighting,taillight,headlight,A front headlight assembly used on an automobile.,PARTIAL_MATCH,wikimedia
train_external_image_taillight_1900673_mismatch,external_image_taillight_1900673,external_group_taillight_1900673,wikimedia_object_taillight_1900673,data/images/wikimedia/taillight/commons_taillight_1900673.jpg,lighting,taillight,oil_filter,An engine oil filter designed for a road vehicle.,MISMATCH,wikimedia
train_external_image_taillight_4518332_match,external_image_taillight_4518332,external_group_taillight_4518332,wikimedia_object_taillight_4518332,data/images/wikimedia/taillight/commons_taillight_4518332.jpg,lighting,taillight,taillight,A rear taillight assembly from an automobile.,MATCH,wikimedia
train_external_image_taillight_4518332_partial_match,external_image_taillight_4518332,external_group_taillight_4518332,wikimedia_object_taillight_4518332,data/images/wikimedia/taillight/commons_taillight_4518332.jpg,lighting,taillight,headlight,A front headlight assembly used on an automobile.,PARTIAL_MATCH,wikimedia
train_external_image_taillight_4518332_mismatch,external_image_taillight_4518332,external_group_taillight_4518332,wikimedia_object_taillight_4518332,data/images/wikimedia/taillight/commons_taillight_4518332.jpg,lighting,taillight,oil_filter,An engine oil filter designed for a road vehicle.,MISMATCH,wikimedia
train_external_image_taillight_7099374_match,external_image_taillight_7099374,external_group_taillight_7099374,wikimedia_object_taillight_7099374,data/images/wikimedia/taillight/commons_taillight_7099374.jpg,lighting,taillight,taillight,A rear taillight assembly from an automobile.,MATCH,wikimedia
train_external_image_taillight_7099374_partial_match,external_image_taillight_7099374,external_group_taillight_7099374,wikimedia_object_taillight_7099374,data/images/wikimedia/taillight/commons_taillight_7099374.jpg,lighting,taillight,headlight,A front headlight assembly used on an automobile.,PARTIAL_MATCH,wikimedia
train_external_image_taillight_7099374_mismatch,external_image_taillight_7099374,external_group_taillight_7099374,wikimedia_object_taillight_7099374,data/images/wikimedia/taillight/commons_taillight_7099374.jpg,lighting,taillight,oil_filter,An engine oil filter designed for a road vehicle.,MISMATCH,wikimedia
