experiment_id,run_id,variant,epoch,accuracy,loss,val_accuracy,val_loss
FND-005,fnd005_correct_training_loop,correct_training_validation_loop,1,0.42222222685813904,1.2190910577774048,0.3333333432674408,1.1057649850845337
FND-005,fnd005_correct_training_loop,correct_training_validation_loop,2,0.3499999940395355,1.182743787765503,0.3333333432674408,1.1090805530548096
FND-005,fnd005_correct_training_loop,correct_training_validation_loop,3,0.32777777314186096,1.135553240776062,0.3333333432674408,1.0996261835098267
FND-005,fnd005_correct_training_loop,correct_training_validation_loop,4,0.3444444537162781,1.100180745124817,0.3333333432674408,1.0988456010818481
FND-005,fnd005_correct_training_loop,correct_training_validation_loop,5,0.3166666626930237,1.1034166812896729,0.3333333432674408,1.1020903587341309
FND-005,fnd005_correct_training_loop,correct_training_validation_loop,6,0.3166666626930237,1.1019591093063354,0.3333333432674408,1.1049925088882446
FND-005,fnd005_correct_training_loop,correct_training_validation_loop,7,0.3055555522441864,1.1180603504180908,0.3333333432674408,1.0989710092544556
FND-005,fnd005_correct_training_loop,correct_training_validation_loop,8,0.3333333432674408,1.1018513441085815,0.3333333432674408,1.0986549854278564
FND-005,fnd005_correct_training_loop,correct_training_validation_loop,9,0.3499999940395355,1.0976390838623047,0.3333333432674408,1.0985426902770996
FND-005,fnd005_correct_training_loop,correct_training_validation_loop,10,0.32777777314186096,1.0980162620544434,0.3166666626930237,1.0990275144577026
FND-005,fnd005_correct_training_loop,correct_training_validation_loop,11,0.31111112236976624,1.1036887168884277,0.3166666626930237,1.0988900661468506
FND-005,fnd005_correct_training_loop,correct_training_validation_loop,12,0.3499999940395355,1.0991109609603882,0.3499999940395355,1.0987632274627686
FND-005,fnd005_correct_training_loop,correct_training_validation_loop,13,0.3166666626930237,1.100745439529419,0.3333333432674408,1.0985915660858154
FND-005,fnd005_correct_training_loop,correct_training_validation_loop,14,0.3499999940395355,1.0982649326324463,0.3333333432674408,1.098459243774414
FND-005,fnd005_correct_training_loop,correct_training_validation_loop,15,0.3222222328186035,1.099459171295166,0.3333333432674408,1.0984779596328735
FND-005,fnd005_correct_training_loop,correct_training_validation_loop,16,0.3333333432674408,1.0985227823257446,0.3333333432674408,1.0990989208221436
FND-005,fnd005_correct_training_loop,correct_training_validation_loop,17,0.3222222328186035,1.104552149772644,0.3333333432674408,1.0996835231781006
FND-005,fnd005_correct_training_loop,correct_training_validation_loop,18,0.32777777314186096,1.101822853088379,0.3333333432674408,1.0984413623809814
FND-005,fnd005_correct_training_loop,correct_training_validation_loop,19,0.33888888359069824,1.0985009670257568,0.3333333432674408,1.0983489751815796
FND-005,fnd005_correct_training_loop,correct_training_validation_loop,20,0.3333333432674408,1.0988658666610718,0.3333333432674408,1.0982170104980469
FND-005,fnd005_correct_training_loop,correct_training_validation_loop,21,0.3333333432674408,1.0981284379959106,0.3333333432674408,1.0979098081588745
FND-005,fnd005_correct_training_loop,correct_training_validation_loop,22,0.3444444537162781,1.0972737073898315,0.3333333432674408,1.0979912281036377
FND-005,fnd005_correct_training_loop,correct_training_validation_loop,23,0.3166666626930237,1.1024945974349976,0.36666667461395264,1.0975018739700317
FND-005,fnd005_correct_training_loop,correct_training_validation_loop,24,0.3222222328186035,1.0988426208496094,0.3333333432674408,1.100030541419983
FND-005,fnd005_correct_training_loop,correct_training_validation_loop,25,0.3499999940395355,1.1066282987594604,0.3333333432674408,1.0974063873291016
FND-005,fnd005_correct_training_loop,correct_training_validation_loop,26,0.36666667461395264,1.099517822265625,0.3333333432674408,1.0960670709609985
FND-005,fnd005_correct_training_loop,correct_training_validation_loop,27,0.33888888359069824,1.0971832275390625,0.38333332538604736,1.0951491594314575
FND-005,fnd005_correct_training_loop,correct_training_validation_loop,28,0.3888888955116272,1.0957707166671753,0.38333332538604736,1.094705581665039
FND-006,fnd006_01_sgd_0p01,SGD_0.01_constant,1,0.36666667461395264,1.1358964443206787,0.3333333432674408,1.1247681379318237
FND-006,fnd006_01_sgd_0p01,SGD_0.01_constant,2,0.27222222089767456,1.1597541570663452,0.3333333432674408,1.207740068435669
FND-006,fnd006_01_sgd_0p01,SGD_0.01_constant,3,0.32777777314186096,1.1364457607269287,0.3333333432674408,1.1478683948516846
FND-006,fnd006_01_sgd_0p01,SGD_0.01_constant,4,0.3222222328186035,1.1304994821548462,0.3333333432674408,1.132487416267395
FND-006,fnd006_01_sgd_0p01,SGD_0.01_constant,5,0.3444444537162781,1.1231881380081177,0.3333333432674408,1.1104265451431274
FND-006,fnd006_01_sgd_0p01,SGD_0.01_constant,6,0.3222222328186035,1.1273733377456665,0.3333333432674408,1.1052989959716797
FND-006,fnd006_01_sgd_0p01,SGD_0.01_constant,7,0.3055555522441864,1.1236037015914917,0.3333333432674408,1.1020374298095703
FND-006,fnd006_01_sgd_0p01,SGD_0.01_constant,8,0.30000001192092896,1.115995168685913,0.3333333432674408,1.1017919778823853
FND-006,fnd006_01_sgd_0p01,SGD_0.01_constant,9,0.3444444537162781,1.105197787284851,0.3333333432674408,1.1013069152832031
FND-006,fnd006_01_sgd_0p01,SGD_0.01_constant,10,0.3166666626930237,1.1127727031707764,0.3333333432674408,1.100968599319458
FND-006,fnd006_01_sgd_0p01,SGD_0.01_constant,11,0.3444444537162781,1.1003899574279785,0.3166666626930237,1.1001935005187988
FND-006,fnd006_01_sgd_0p01,SGD_0.01_constant,12,0.3333333432674408,1.101842999458313,0.3333333432674408,1.1027133464813232
FND-006,fnd006_01_sgd_0p01,SGD_0.01_constant,13,0.3166666626930237,1.104925513267517,0.3166666626930237,1.1017409563064575
FND-006,fnd006_01_sgd_0p01,SGD_0.01_constant,14,0.3777777850627899,1.099303126335144,0.3499999940395355,1.1026504039764404
FND-006,fnd006_01_sgd_0p01,SGD_0.01_constant,15,0.30000001192092896,1.1212408542633057,0.3333333432674408,1.1005456447601318
FND-006,fnd006_02_sgd_0p001,SGD_0.001_constant,1,0.3444444537162781,1.1162911653518677,0.3333333432674408,1.1059969663619995
FND-006,fnd006_02_sgd_0p001,SGD_0.001_constant,2,0.33888888359069824,1.1211438179016113,0.3333333432674408,1.1051543951034546
FND-006,fnd006_02_sgd_0p001,SGD_0.001_constant,3,0.3222222328186035,1.1186463832855225,0.3333333432674408,1.1061135530471802
FND-006,fnd006_02_sgd_0p001,SGD_0.001_constant,4,0.35555556416511536,1.1095068454742432,0.3333333432674408,1.1062161922454834
FND-006,fnd006_02_sgd_0p001,SGD_0.001_constant,5,0.3777777850627899,1.1087055206298828,0.3333333432674408,1.1069737672805786
FND-006,fnd006_02_sgd_0p001,SGD_0.001_constant,6,0.3444444537162781,1.1218674182891846,0.3333333432674408,1.1060354709625244
FND-006,fnd006_03_rmsprop_0p001,RMSprop_0.001_constant,1,0.3444444537162781,1.5301237106323242,0.3333333432674408,1.1451388597488403
FND-006,fnd006_03_rmsprop_0p001,RMSprop_0.001_constant,2,0.3222222328186035,1.1860804557800293,0.3166666626930237,1.1989284753799438
FND-006,fnd006_03_rmsprop_0p001,RMSprop_0.001_constant,3,0.3055555522441864,1.1502974033355713,0.3499999940395355,1.111045479774475
FND-006,fnd006_03_rmsprop_0p001,RMSprop_0.001_constant,4,0.3611111044883728,1.1115187406539917,0.3333333432674408,1.1075913906097412
FND-006,fnd006_03_rmsprop_0p001,RMSprop_0.001_constant,5,0.3055555522441864,1.114990472793579,0.3166666626930237,1.0993106365203857
FND-006,fnd006_03_rmsprop_0p001,RMSprop_0.001_constant,6,0.3055555522441864,1.104017734527588,0.3333333432674408,1.0987266302108765
FND-006,fnd006_03_rmsprop_0p001,RMSprop_0.001_constant,7,0.32777777314186096,1.1006598472595215,0.3333333432674408,1.0988540649414062
FND-006,fnd006_03_rmsprop_0p001,RMSprop_0.001_constant,8,0.3333333432674408,1.1000899076461792,0.3333333432674408,1.0988761186599731
FND-006,fnd006_03_rmsprop_0p001,RMSprop_0.001_constant,9,0.3333333432674408,1.0987802743911743,0.3333333432674408,1.0989952087402344
FND-006,fnd006_03_rmsprop_0p001,RMSprop_0.001_constant,10,0.3333333432674408,1.0995111465454102,0.3333333432674408,1.0990664958953857
FND-006,fnd006_04_rmsprop_0p0003,RMSprop_0.0003_constant,1,0.3611111044883728,1.1896930932998657,0.3333333432674408,1.1208924055099487
FND-006,fnd006_04_rmsprop_0p0003,RMSprop_0.0003_constant,2,0.31111112236976624,1.159726858139038,0.3333333432674408,1.1245166063308716
FND-006,fnd006_04_rmsprop_0p0003,RMSprop_0.0003_constant,3,0.31111112236976624,1.1408261060714722,0.3333333432674408,1.121436357498169
FND-006,fnd006_04_rmsprop_0p0003,RMSprop_0.0003_constant,4,0.3611111044883728,1.1180001497268677,0.3333333432674408,1.101447343826294
FND-006,fnd006_04_rmsprop_0p0003,RMSprop_0.0003_constant,5,0.3611111044883728,1.1072654724121094,0.3333333432674408,1.1063250303268433
FND-006,fnd006_04_rmsprop_0p0003,RMSprop_0.0003_constant,6,0.3055555522441864,1.1130343675613403,0.3333333432674408,1.1055771112442017
FND-006,fnd006_04_rmsprop_0p0003,RMSprop_0.0003_constant,7,0.3055555522441864,1.124380350112915,0.3333333432674408,1.1108601093292236
FND-006,fnd006_04_rmsprop_0p0003,RMSprop_0.0003_constant,8,0.3166666626930237,1.1192225217819214,0.3333333432674408,1.1009808778762817
FND-006,fnd006_04_rmsprop_0p0003,RMSprop_0.0003_constant,9,0.2666666805744171,1.1120545864105225,0.3333333432674408,1.1008167266845703
FND-006,fnd006_04_rmsprop_0p0003,RMSprop_0.0003_constant,10,0.3222222328186035,1.1110414266586304,0.3333333432674408,1.1029162406921387
FND-006,fnd006_04_rmsprop_0p0003,RMSprop_0.0003_constant,11,0.3055555522441864,1.110779047012329,0.3333333432674408,1.1012437343597412
FND-006,fnd006_04_rmsprop_0p0003,RMSprop_0.0003_constant,12,0.3166666626930237,1.1082369089126587,0.3333333432674408,1.103248119354248
FND-006,fnd006_04_rmsprop_0p0003,RMSprop_0.0003_constant,13,0.3222222328186035,1.1071884632110596,0.3333333432674408,1.1056493520736694
FND-006,fnd006_05_adam_0p001,Adam_0.001_constant,1,0.42222222685813904,1.2190910577774048,0.3333333432674408,1.1057649850845337
FND-006,fnd006_05_adam_0p001,Adam_0.001_constant,2,0.3499999940395355,1.182743787765503,0.3333333432674408,1.1090805530548096
FND-006,fnd006_05_adam_0p001,Adam_0.001_constant,3,0.32777777314186096,1.135553240776062,0.3333333432674408,1.0996261835098267
FND-006,fnd006_05_adam_0p001,Adam_0.001_constant,4,0.3444444537162781,1.100180745124817,0.3333333432674408,1.0988456010818481
FND-006,fnd006_05_adam_0p001,Adam_0.001_constant,5,0.3166666626930237,1.1034166812896729,0.3333333432674408,1.1020903587341309
FND-006,fnd006_05_adam_0p001,Adam_0.001_constant,6,0.3166666626930237,1.1019591093063354,0.3333333432674408,1.1049925088882446
FND-006,fnd006_05_adam_0p001,Adam_0.001_constant,7,0.3055555522441864,1.1180603504180908,0.3333333432674408,1.0989710092544556
FND-006,fnd006_05_adam_0p001,Adam_0.001_constant,8,0.3333333432674408,1.1018513441085815,0.3333333432674408,1.0986549854278564
FND-006,fnd006_05_adam_0p001,Adam_0.001_constant,9,0.3499999940395355,1.0976390838623047,0.3333333432674408,1.0985426902770996
FND-006,fnd006_05_adam_0p001,Adam_0.001_constant,10,0.32777777314186096,1.0980162620544434,0.3166666626930237,1.0990275144577026
FND-006,fnd006_05_adam_0p001,Adam_0.001_constant,11,0.31111112236976624,1.1036887168884277,0.3166666626930237,1.0988900661468506
FND-006,fnd006_05_adam_0p001,Adam_0.001_constant,12,0.3499999940395355,1.0991109609603882,0.3499999940395355,1.0987632274627686
FND-006,fnd006_05_adam_0p001,Adam_0.001_constant,13,0.3166666626930237,1.100745439529419,0.3333333432674408,1.0985915660858154
FND-006,fnd006_06_adam_0p0003,Adam_0.0003_constant,1,0.3444444537162781,1.1462033987045288,0.3333333432674408,1.1025744676589966
FND-006,fnd006_06_adam_0p0003,Adam_0.0003_constant,2,0.31111112236976624,1.1438781023025513,0.3333333432674408,1.1034549474716187
FND-006,fnd006_06_adam_0p0003,Adam_0.0003_constant,3,0.3222222328186035,1.1269010305404663,0.36666667461395264,1.0996042490005493
FND-006,fnd006_06_adam_0p0003,Adam_0.0003_constant,4,0.3444444537162781,1.104615569114685,0.3333333432674408,1.101228952407837
FND-006,fnd006_06_adam_0p0003,Adam_0.0003_constant,5,0.3333333432674408,1.1043250560760498,0.3333333432674408,1.104876160621643
FND-006,fnd006_06_adam_0p0003,Adam_0.0003_constant,6,0.3222222328186035,1.1164835691452026,0.3333333432674408,1.1012970209121704
FND-006,fnd006_06_adam_0p0003,Adam_0.0003_constant,7,0.3166666626930237,1.119895100593567,0.3333333432674408,1.0998984575271606
FND-006,fnd006_07_adamw_0p001,AdamW_0.001_constant,1,0.42222222685813904,1.2190908193588257,0.3333333432674408,1.1057649850845337
FND-006,fnd006_07_adamw_0p001,AdamW_0.001_constant,2,0.3499999940395355,1.1827431917190552,0.3333333432674408,1.1090805530548096
FND-006,fnd006_07_adamw_0p001,AdamW_0.001_constant,3,0.32777777314186096,1.1355531215667725,0.3333333432674408,1.0996261835098267
FND-006,fnd006_07_adamw_0p001,AdamW_0.001_constant,4,0.3444444537162781,1.0998337268829346,0.3333333432674408,1.0989224910736084
FND-006,fnd006_07_adamw_0p001,AdamW_0.001_constant,5,0.31111112236976624,1.1031049489974976,0.3333333432674408,1.1036335229873657
FND-006,fnd006_07_adamw_0p001,AdamW_0.001_constant,6,0.3222222328186035,1.0992192029953003,0.3333333432674408,1.1060445308685303
FND-006,fnd006_07_adamw_0p001,AdamW_0.001_constant,7,0.3055555522441864,1.1212661266326904,0.3333333432674408,1.099244475364685
FND-006,fnd006_07_adamw_0p001,AdamW_0.001_constant,8,0.3055555522441864,1.101961374282837,0.3333333432674408,1.098520278930664
FND-006,fnd006_07_adamw_0p001,AdamW_0.001_constant,9,0.3444444537162781,1.0983175039291382,0.3333333432674408,1.0984967947006226
FND-006,fnd006_07_adamw_0p001,AdamW_0.001_constant,10,0.32777777314186096,1.098389983177185,0.3333333432674408,1.098636507987976
FND-006,fnd006_07_adamw_0p001,AdamW_0.001_constant,11,0.32777777314186096,1.0988965034484863,0.3333333432674408,1.103808879852295
FND-006,fnd006_07_adamw_0p001,AdamW_0.001_constant,12,0.3499999940395355,1.10191011428833,0.3333333432674408,1.0987322330474854
FND-006,fnd006_07_adamw_0p001,AdamW_0.001_constant,13,0.3333333432674408,1.0982931852340698,0.3333333432674408,1.0988428592681885
FND-006,fnd006_08_adamw_0p0003,AdamW_0.0003_constant,1,0.3444444537162781,1.1462033987045288,0.3333333432674408,1.1025744676589966
FND-006,fnd006_08_adamw_0p0003,AdamW_0.0003_constant,2,0.31111112236976624,1.1438779830932617,0.3333333432674408,1.1034549474716187
FND-006,fnd006_08_adamw_0p0003,AdamW_0.0003_constant,3,0.3222222328186035,1.1269010305404663,0.36666667461395264,1.0996042490005493
FND-006,fnd006_08_adamw_0p0003,AdamW_0.0003_constant,4,0.3444444537162781,1.104615569114685,0.3333333432674408,1.1012288331985474
FND-006,fnd006_08_adamw_0p0003,AdamW_0.0003_constant,5,0.3333333432674408,1.1043250560760498,0.3333333432674408,1.104876160621643
FND-006,fnd006_08_adamw_0p0003,AdamW_0.0003_constant,6,0.3222222328186035,1.1164835691452026,0.3333333432674408,1.1012970209121704
FND-006,fnd006_08_adamw_0p0003,AdamW_0.0003_constant,7,0.3166666626930237,1.1198948621749878,0.3333333432674408,1.0998984575271606
FND-006,fnd006_09_adam_exponential_decay_0p003,Adam_0.003_exponential_decay,1,0.3611111044883728,1.683402180671692,0.3333333432674408,1.468155026435852
FND-006,fnd006_09_adam_exponential_decay_0p003,Adam_0.003_exponential_decay,2,0.3444444537162781,1.4627970457077026,0.3333333432674408,1.2288209199905396
FND-006,fnd006_09_adam_exponential_decay_0p003,Adam_0.003_exponential_decay,3,0.3222222328186035,1.2378829717636108,0.3333333432674408,1.1259645223617554
FND-006,fnd006_09_adam_exponential_decay_0p003,Adam_0.003_exponential_decay,4,0.32777777314186096,1.13540518283844,0.3333333432674408,1.1167137622833252
FND-006,fnd006_09_adam_exponential_decay_0p003,Adam_0.003_exponential_decay,5,0.3444444537162781,1.1125296354293823,0.3333333432674408,1.099010944366455
FND-006,fnd006_09_adam_exponential_decay_0p003,Adam_0.003_exponential_decay,6,0.3611111044883728,1.099095106124878,0.3333333432674408,1.098805546760559
FND-006,fnd006_09_adam_exponential_decay_0p003,Adam_0.003_exponential_decay,7,0.31111112236976624,1.0985804796218872,0.3333333432674408,1.098896861076355
FND-006,fnd006_09_adam_exponential_decay_0p003,Adam_0.003_exponential_decay,8,0.3333333432674408,1.0982396602630615,0.3333333432674408,1.099139928817749
FND-006,fnd006_09_adam_exponential_decay_0p003,Adam_0.003_exponential_decay,9,0.3333333432674408,1.0990828275680542,0.3333333432674408,1.099409818649292
FND-006,fnd006_09_adam_exponential_decay_0p003,Adam_0.003_exponential_decay,10,0.3333333432674408,1.1001282930374146,0.3333333432674408,1.0996204614639282
FND-006,fnd006_06_adam_0p0003_seed43,Adam_0.0003_constant_stability_repeat,1,0.2944444417953491,1.1996290683746338,0.3333333432674408,1.1188240051269531
FND-006,fnd006_06_adam_0p0003_seed43,Adam_0.0003_constant_stability_repeat,2,0.3222222328186035,1.1158440113067627,0.3333333432674408,1.101755976676941
FND-006,fnd006_06_adam_0p0003_seed43,Adam_0.0003_constant_stability_repeat,3,0.31111112236976624,1.140804648399353,0.3333333432674408,1.099829912185669
FND-006,fnd006_06_adam_0p0003_seed43,Adam_0.0003_constant_stability_repeat,4,0.3499999940395355,1.0991986989974976,0.3333333432674408,1.100781798362732
FND-006,fnd006_06_adam_0p0003_seed43,Adam_0.0003_constant_stability_repeat,5,0.3222222328186035,1.120030164718628,0.3333333432674408,1.1000574827194214
FND-006,fnd006_06_adam_0p0003_seed43,Adam_0.0003_constant_stability_repeat,6,0.30000001192092896,1.1295790672302246,0.3333333432674408,1.1010146141052246
FND-006,fnd006_06_adam_0p0003_seed43,Adam_0.0003_constant_stability_repeat,7,0.33888888359069824,1.0980587005615234,0.3499999940395355,1.0999913215637207
FND-006,fnd006_06_adam_0p0003_seed44,Adam_0.0003_constant_stability_repeat,1,0.3333333432674408,1.2548915147781372,0.3333333432674408,1.1022098064422607
FND-006,fnd006_06_adam_0p0003_seed44,Adam_0.0003_constant_stability_repeat,2,0.3888888955116272,1.1190674304962158,0.3499999940395355,1.1001774072647095
FND-006,fnd006_06_adam_0p0003_seed44,Adam_0.0003_constant_stability_repeat,3,0.3222222328186035,1.1431944370269775,0.3333333432674408,1.0993517637252808
FND-006,fnd006_06_adam_0p0003_seed44,Adam_0.0003_constant_stability_repeat,4,0.3055555522441864,1.1196659803390503,0.3333333432674408,1.0994818210601807
FND-006,fnd006_06_adam_0p0003_seed44,Adam_0.0003_constant_stability_repeat,5,0.3888888955116272,1.1007918119430542,0.3333333432674408,1.099929690361023
FND-006,fnd006_06_adam_0p0003_seed44,Adam_0.0003_constant_stability_repeat,6,0.39444443583488464,1.1040427684783936,0.3333333432674408,1.100278377532959
FND-006,fnd006_06_adam_0p0003_seed44,Adam_0.0003_constant_stability_repeat,7,0.33888888359069824,1.1151435375213623,0.3333333432674408,1.1005171537399292
FND-007,fnd007_small,small,1,0.2888889014720917,1.1507986783981323,0.3333333432674408,1.1032307147979736
FND-007,fnd007_small,small,2,0.30000001192092896,1.1238354444503784,0.3333333432674408,1.1037249565124512
FND-007,fnd007_small,small,3,0.3222222328186035,1.1101102828979492,0.3333333432674408,1.1034809350967407
FND-007,fnd007_small,small,4,0.33888888359069824,1.100748062133789,0.3333333432674408,1.101732850074768
FND-007,fnd007_small,small,5,0.3166666626930237,1.1025842428207397,0.3333333432674408,1.1001152992248535
FND-007,fnd007_small,small,6,0.3055555522441864,1.1057045459747314,0.3333333432674408,1.0995514392852783
FND-007,fnd007_small,small,7,0.24444444477558136,1.1072462797164917,0.3166666626930237,1.099907636642456
FND-007,fnd007_small,small,8,0.31111112236976624,1.0996437072753906,0.3333333432674408,1.1035714149475098
FND-007,fnd007_small,small,9,0.32777777314186096,1.104384422302246,0.3333333432674408,1.106720209121704
FND-007,fnd007_small,small,10,0.33888888359069824,1.1009151935577393,0.3333333432674408,1.1013026237487793
FND-007,fnd007_small,small,11,0.3055555522441864,1.1032713651657104,0.3333333432674408,1.1002706289291382
FND-007,fnd007_medium,medium,1,0.3444444537162781,1.1462033987045288,0.3333333432674408,1.1025744676589966
FND-007,fnd007_medium,medium,2,0.31111112236976624,1.1438781023025513,0.3333333432674408,1.1034549474716187
FND-007,fnd007_medium,medium,3,0.3222222328186035,1.1269010305404663,0.36666667461395264,1.0996042490005493
FND-007,fnd007_medium,medium,4,0.3444444537162781,1.104615569114685,0.3333333432674408,1.101228952407837
FND-007,fnd007_medium,medium,5,0.3333333432674408,1.1043250560760498,0.3333333432674408,1.104876160621643
FND-007,fnd007_medium,medium,6,0.3222222328186035,1.1164835691452026,0.3333333432674408,1.1012970209121704
FND-007,fnd007_medium,medium,7,0.3166666626930237,1.119895100593567,0.3333333432674408,1.0998984575271606
FND-007,fnd007_medium,medium,8,0.2777777910232544,1.115147352218628,0.3333333432674408,1.0994402170181274
FND-007,fnd007_medium,medium,9,0.3499999940395355,1.0899410247802734,0.3333333432674408,1.1023205518722534
FND-007,fnd007_medium,medium,10,0.3499999940395355,1.1012110710144043,0.3333333432674408,1.099629282951355
FND-007,fnd007_medium,medium,11,0.3611111044883728,1.0952279567718506,0.3333333432674408,1.0988309383392334
FND-007,fnd007_medium,medium,12,0.3777777850627899,1.0935161113739014,0.3333333432674408,1.0988194942474365
FND-007,fnd007_medium,medium,13,0.3166666626930237,1.0976214408874512,0.3333333432674408,1.1012779474258423
FND-007,fnd007_medium,medium,14,0.3722222149372101,1.098811388015747,0.3333333432674408,1.1024125814437866
FND-007,fnd007_medium,medium,15,0.3055555522441864,1.1212018728256226,0.3333333432674408,1.1014846563339233
FND-007,fnd007_medium,medium,16,0.3499999940395355,1.1099814176559448,0.3333333432674408,1.1022465229034424
FND-007,fnd007_medium,medium,17,0.3222222328186035,1.1015238761901855,0.3333333432674408,1.1009249687194824
FND-007,fnd007_large,large,1,0.28333333134651184,1.2356897592544556,0.3333333432674408,1.1151031255722046
FND-007,fnd007_large,large,2,0.32777777314186096,1.133022665977478,0.3333333432674408,1.1001497507095337
FND-007,fnd007_large,large,3,0.3333333432674408,1.1269558668136597,0.3333333432674408,1.1051769256591797
FND-007,fnd007_large,large,4,0.3444444537162781,1.1202800273895264,0.3333333432674408,1.1025946140289307
FND-007,fnd007_large,large,5,0.3777777850627899,1.1092272996902466,0.3333333432674408,1.099676251411438
FND-007,fnd007_large,large,6,0.3499999940395355,1.1082106828689575,0.3333333432674408,1.0995641946792603
FND-007,fnd007_large,large,7,0.3611111044883728,1.1119439601898193,0.3333333432674408,1.100407361984253
FND-007,fnd007_large,large,8,0.3333333432674408,1.1169966459274292,0.3333333432674408,1.1015568971633911
FND-007,fnd007_large,large,9,0.31111112236976624,1.109756350517273,0.3333333432674408,1.0989940166473389
FND-007,fnd007_large,large,10,0.3222222328186035,1.0997973680496216,0.3333333432674408,1.099031686782837
FND-007,fnd007_large,large,11,0.42222222685813904,1.0837945938110352,0.3333333432674408,1.099871277809143
FND-007,fnd007_large,large,12,0.36666667461395264,1.1013901233673096,0.3333333432674408,1.1013590097427368
FND-007,fnd007_large,large,13,0.31111112236976624,1.1073330640792847,0.3333333432674408,1.1024473905563354
FND-007,fnd007_large,large,14,0.3055555522441864,1.1102977991104126,0.3333333432674408,1.0998324155807495
FND-008,fnd008_01_baseline,baseline,1,0.42222222685813904,1.2190910577774048,0.3333333432674408,1.1057649850845337
FND-008,fnd008_01_baseline,baseline,2,0.3499999940395355,1.182743787765503,0.3333333432674408,1.1090805530548096
FND-008,fnd008_01_baseline,baseline,3,0.32777777314186096,1.135553240776062,0.3333333432674408,1.0996261835098267
FND-008,fnd008_01_baseline,baseline,4,0.3444444537162781,1.100180745124817,0.3333333432674408,1.0988456010818481
FND-008,fnd008_01_baseline,baseline,5,0.3166666626930237,1.1034166812896729,0.3333333432674408,1.1020903587341309
FND-008,fnd008_01_baseline,baseline,6,0.3166666626930237,1.1019591093063354,0.3333333432674408,1.1049925088882446
FND-008,fnd008_01_baseline,baseline,7,0.3055555522441864,1.1180603504180908,0.3333333432674408,1.0989710092544556
FND-008,fnd008_01_baseline,baseline,8,0.3333333432674408,1.1018513441085815,0.3333333432674408,1.0986549854278564
FND-008,fnd008_01_baseline,baseline,9,0.3499999940395355,1.0976390838623047,0.3333333432674408,1.0985426902770996
FND-008,fnd008_01_baseline,baseline,10,0.32777777314186096,1.0980162620544434,0.3166666626930237,1.0990275144577026
FND-008,fnd008_01_baseline,baseline,11,0.31111112236976624,1.1036887168884277,0.3166666626930237,1.0988900661468506
FND-008,fnd008_01_baseline,baseline,12,0.3499999940395355,1.0991109609603882,0.3499999940395355,1.0987632274627686
FND-008,fnd008_01_baseline,baseline,13,0.3166666626930237,1.100745439529419,0.3333333432674408,1.0985915660858154
FND-008,fnd008_02_l2_regularization,l2_regularization,1,0.4166666567325592,1.2376528978347778,0.3333333432674408,1.1185861825942993
FND-008,fnd008_02_l2_regularization,l2_regularization,2,0.3333333432674408,1.2017449140548706,0.3333333432674408,1.119107723236084
FND-008,fnd008_02_l2_regularization,l2_regularization,3,0.32777777314186096,1.14681875705719,0.3333333432674408,1.1173557043075562
FND-008,fnd008_02_l2_regularization,l2_regularization,4,0.3444444537162781,1.1179739236831665,0.3333333432674408,1.1158133745193481
FND-008,fnd008_02_l2_regularization,l2_regularization,5,0.33888888359069824,1.1211405992507935,0.3333333432674408,1.116628646850586
FND-008,fnd008_02_l2_regularization,l2_regularization,6,0.3333333432674408,1.1179918050765991,0.3333333432674408,1.1208206415176392
FND-008,fnd008_02_l2_regularization,l2_regularization,7,0.33888888359069824,1.1340035200119019,0.3333333432674408,1.1146191358566284
FND-008,fnd008_02_l2_regularization,l2_regularization,8,0.32777777314186096,1.1221706867218018,0.3333333432674408,1.112958312034607
FND-008,fnd008_02_l2_regularization,l2_regularization,9,0.35555556416511536,1.1136436462402344,0.3333333432674408,1.1122157573699951
FND-008,fnd008_02_l2_regularization,l2_regularization,10,0.3222222328186035,1.1138139963150024,0.3499999940395355,1.1120412349700928
FND-008,fnd008_02_l2_regularization,l2_regularization,11,0.33888888359069824,1.1124354600906372,0.3333333432674408,1.1118812561035156
FND-008,fnd008_02_l2_regularization,l2_regularization,12,0.3444444537162781,1.1114976406097412,0.3333333432674408,1.1116842031478882
FND-008,fnd008_02_l2_regularization,l2_regularization,13,0.3444444537162781,1.1108139753341675,0.3333333432674408,1.111585021018982
FND-008,fnd008_02_l2_regularization,l2_regularization,14,0.33888888359069824,1.1108018159866333,0.3333333432674408,1.111545205116272
FND-008,fnd008_02_l2_regularization,l2_regularization,15,0.32777777314186096,1.112297534942627,0.3333333432674408,1.111367106437683
FND-008,fnd008_02_l2_regularization,l2_regularization,16,0.3333333432674408,1.1112627983093262,0.3333333432674408,1.1112425327301025
FND-008,fnd008_02_l2_regularization,l2_regularization,17,0.3333333432674408,1.1113184690475464,0.3333333432674408,1.1111942529678345
FND-008,fnd008_02_l2_regularization,l2_regularization,18,0.32777777314186096,1.1110974550247192,0.3333333432674408,1.1111502647399902
FND-008,fnd008_02_l2_regularization,l2_regularization,19,0.32777777314186096,1.1112314462661743,0.3333333432674408,1.111112356185913
FND-008,fnd008_02_l2_regularization,l2_regularization,20,0.32777777314186096,1.1116139888763428,0.3333333432674408,1.111014485359192
FND-008,fnd008_02_l2_regularization,l2_regularization,21,0.3333333432674408,1.1107463836669922,0.3333333432674408,1.1109039783477783
FND-008,fnd008_02_l2_regularization,l2_regularization,22,0.3333333432674408,1.1109473705291748,0.3333333432674408,1.110748529434204
FND-008,fnd008_02_l2_regularization,l2_regularization,23,0.3333333432674408,1.110448956489563,0.3333333432674408,1.1106444597244263
FND-008,fnd008_02_l2_regularization,l2_regularization,24,0.3333333432674408,1.1116023063659668,0.3333333432674408,1.1104563474655151
FND-008,fnd008_03_dropout_regularization,dropout_regularization,1,0.3722222149372101,1.3211605548858643,0.3333333432674408,1.1049809455871582
FND-008,fnd008_03_dropout_regularization,dropout_regularization,2,0.3499999940395355,1.1893256902694702,0.3333333432674408,1.1147487163543701
FND-008,fnd008_03_dropout_regularization,dropout_regularization,3,0.36666667461395264,1.1322718858718872,0.3333333432674408,1.1038578748703003
FND-008,fnd008_03_dropout_regularization,dropout_regularization,4,0.31111112236976624,1.1317533254623413,0.3333333432674408,1.099915623664856
FND-008,fnd008_03_dropout_regularization,dropout_regularization,5,0.2888889014720917,1.1230477094650269,0.3333333432674408,1.106042742729187
FND-008,fnd008_03_dropout_regularization,dropout_regularization,6,0.3055555522441864,1.1151700019836426,0.3333333432674408,1.0989081859588623
FND-008,fnd008_03_dropout_regularization,dropout_regularization,7,0.38333332538604736,1.0973567962646484,0.3333333432674408,1.0992485284805298
FND-008,fnd008_03_dropout_regularization,dropout_regularization,8,0.3333333432674408,1.1020867824554443,0.3333333432674408,1.098797082901001
FND-008,fnd008_03_dropout_regularization,dropout_regularization,9,0.3777777850627899,1.0950230360031128,0.3166666626930237,1.0988750457763672
FND-008,fnd008_03_dropout_regularization,dropout_regularization,10,0.32777777314186096,1.0992635488510132,0.3333333432674408,1.0989526510238647
FND-008,fnd008_03_dropout_regularization,dropout_regularization,11,0.32777777314186096,1.0989587306976318,0.3333333432674408,1.0992218255996704
FND-008,fnd008_03_dropout_regularization,dropout_regularization,12,0.31111112236976624,1.1102912425994873,0.3333333432674408,1.0993058681488037
FND-008,fnd008_04_batch_normalization,batch_normalization,1,0.2944444417953491,1.4339498281478882,0.3333333432674408,1.2841302156448364
FND-008,fnd008_04_batch_normalization,batch_normalization,2,0.36666667461395264,1.1517837047576904,0.3333333432674408,1.5253028869628906
FND-008,fnd008_04_batch_normalization,batch_normalization,3,0.39444443583488464,1.0886956453323364,0.3333333432674408,1.7721614837646484
FND-008,fnd008_04_batch_normalization,batch_normalization,4,0.4611110985279083,1.0728046894073486,0.3333333432674408,1.8417176008224487
FND-008,fnd008_04_batch_normalization,batch_normalization,5,0.5277777910232544,0.9872095584869385,0.3333333432674408,1.7337992191314697
FND-008,fnd008_05_residual_fusion,residual_fusion,1,0.32777777314186096,1.206955075263977,0.3333333432674408,1.1184196472167969
FND-008,fnd008_05_residual_fusion,residual_fusion,2,0.35555556416511536,1.179773211479187,0.3333333432674408,1.115978479385376
FND-008,fnd008_05_residual_fusion,residual_fusion,3,0.3444444537162781,1.157067060470581,0.3333333432674408,1.1027811765670776
FND-008,fnd008_05_residual_fusion,residual_fusion,4,0.33888888359069824,1.118783950805664,0.3333333432674408,1.103763222694397
FND-008,fnd008_05_residual_fusion,residual_fusion,5,0.3055555522441864,1.1060373783111572,0.3333333432674408,1.0992729663848877
FND-008,fnd008_05_residual_fusion,residual_fusion,6,0.3333333432674408,1.099389672279358,0.3333333432674408,1.099177598953247
FND-008,fnd008_05_residual_fusion,residual_fusion,7,0.3333333432674408,1.0984246730804443,0.3333333432674408,1.0993014574050903
FND-008,fnd008_05_residual_fusion,residual_fusion,8,0.3333333432674408,1.0995241403579712,0.3333333432674408,1.09930419921875
FND-008,fnd008_05_residual_fusion,residual_fusion,9,0.3333333432674408,1.0990451574325562,0.3333333432674408,1.099307894706726
FND-008,fnd008_05_residual_fusion,residual_fusion,10,0.3333333432674408,1.0989290475845337,0.3333333432674408,1.0995707511901855
FND-008,fnd008_06_learning_rate_schedule,learning_rate_schedule,1,0.3611111044883728,1.683402180671692,0.3333333432674408,1.468155026435852
FND-008,fnd008_06_learning_rate_schedule,learning_rate_schedule,2,0.3444444537162781,1.4627970457077026,0.3333333432674408,1.2288209199905396
FND-008,fnd008_06_learning_rate_schedule,learning_rate_schedule,3,0.3222222328186035,1.2378829717636108,0.3333333432674408,1.1259645223617554
FND-008,fnd008_06_learning_rate_schedule,learning_rate_schedule,4,0.32777777314186096,1.13540518283844,0.3333333432674408,1.1167137622833252
FND-008,fnd008_06_learning_rate_schedule,learning_rate_schedule,5,0.3444444537162781,1.1125296354293823,0.3333333432674408,1.099010944366455
FND-008,fnd008_06_learning_rate_schedule,learning_rate_schedule,6,0.3611111044883728,1.099095106124878,0.3333333432674408,1.098805546760559
FND-008,fnd008_06_learning_rate_schedule,learning_rate_schedule,7,0.31111112236976624,1.0985804796218872,0.3333333432674408,1.098896861076355
FND-008,fnd008_06_learning_rate_schedule,learning_rate_schedule,8,0.3333333432674408,1.0982396602630615,0.3333333432674408,1.099139928817749
FND-008,fnd008_06_learning_rate_schedule,learning_rate_schedule,9,0.3333333432674408,1.0990828275680542,0.3333333432674408,1.099409818649292
FND-008,fnd008_06_learning_rate_schedule,learning_rate_schedule,10,0.3333333432674408,1.1001282930374146,0.3333333432674408,1.0996204614639282
FND-008,fnd008_07_cnn_image_branch,cnn_image_branch,1,0.3055555522441864,1.1000807285308838,0.3166666626930237,1.0987662076950073
FND-008,fnd008_07_cnn_image_branch,cnn_image_branch,2,0.3055555522441864,1.098723292350769,0.3166666626930237,1.09869384765625
FND-008,fnd008_07_cnn_image_branch,cnn_image_branch,3,0.2944444417953491,1.1001863479614258,0.3333333432674408,1.0989781618118286
FND-008,fnd008_07_cnn_image_branch,cnn_image_branch,4,0.33888888359069824,1.1018545627593994,0.3333333432674408,1.0991737842559814
FND-008,fnd008_07_cnn_image_branch,cnn_image_branch,5,0.3333333432674408,1.0997551679611206,0.3333333432674408,1.099269986152649
FND-008,fnd008_07_cnn_image_branch,cnn_image_branch,6,0.3333333432674408,1.0990352630615234,0.3333333432674408,1.0996251106262207
FND-008,fnd008_08_pretrained_mobilenet_v2,pretrained_mobilenet_v2,1,0.21666666865348816,1.3577377796173096,0.3333333432674408,1.1634211540222168
FND-008,fnd008_08_pretrained_mobilenet_v2,pretrained_mobilenet_v2,2,0.2222222238779068,1.2351408004760742,0.3333333432674408,1.116600751876831
FND-008,fnd008_08_pretrained_mobilenet_v2,pretrained_mobilenet_v2,3,0.31111112236976624,1.161482334136963,0.3333333432674408,1.1078379154205322
FND-008,fnd008_08_pretrained_mobilenet_v2,pretrained_mobilenet_v2,4,0.3055555522441864,1.1515225172042847,0.3333333432674408,1.105750322341919
FND-008,fnd008_08_pretrained_mobilenet_v2,pretrained_mobilenet_v2,5,0.2944444417953491,1.1303645372390747,0.3333333432674408,1.10776948928833
FND-008,fnd008_08_pretrained_mobilenet_v2,pretrained_mobilenet_v2,6,0.3166666626930237,1.129196286201477,0.3499999940395355,1.1079729795455933
FND-008,fnd008_08_pretrained_mobilenet_v2,pretrained_mobilenet_v2,7,0.2777777910232544,1.1424635648727417,0.3333333432674408,1.1071257591247559
FND-009,fnd009_01_compact_16_seq8,compact_16_seq8,1,0.3444444537162781,1.1271202564239502,0.3333333432674408,1.1021870374679565
FND-009,fnd009_01_compact_16_seq8,compact_16_seq8,2,0.2944444417953491,1.133387565612793,0.3333333432674408,1.1050349473953247
FND-009,fnd009_01_compact_16_seq8,compact_16_seq8,3,0.31111112236976624,1.110528588294983,0.3333333432674408,1.0995529890060425
FND-009,fnd009_01_compact_16_seq8,compact_16_seq8,4,0.30000001192092896,1.1122348308563232,0.3333333432674408,1.0995713472366333
FND-009,fnd009_01_compact_16_seq8,compact_16_seq8,5,0.3222222328186035,1.1046937704086304,0.3333333432674408,1.100778341293335
FND-009,fnd009_01_compact_16_seq8,compact_16_seq8,6,0.3611111044883728,1.1092661619186401,0.3333333432674408,1.1012588739395142
FND-009,fnd009_01_compact_16_seq8,compact_16_seq8,7,0.31111112236976624,1.1200450658798218,0.3333333432674408,1.0991793870925903
FND-009,fnd009_01_compact_16_seq8,compact_16_seq8,8,0.3222222328186035,1.108132243156433,0.3333333432674408,1.09916353225708
FND-009,fnd009_01_compact_16_seq8,compact_16_seq8,9,0.36666667461395264,1.094306468963623,0.3333333432674408,1.1001594066619873
FND-009,fnd009_01_compact_16_seq8,compact_16_seq8,10,0.3333333432674408,1.108368158340454,0.3333333432674408,1.101372241973877
FND-009,fnd009_01_compact_16_seq8,compact_16_seq8,11,0.33888888359069824,1.0940194129943848,0.3333333432674408,1.1001948118209839
FND-009,fnd009_01_compact_16_seq8,compact_16_seq8,12,0.3333333432674408,1.104759693145752,0.3333333432674408,1.0993186235427856
FND-009,fnd009_02_baseline_24_seq12,baseline_24_seq12,1,0.3444444537162781,1.1462033987045288,0.3333333432674408,1.1025744676589966
FND-009,fnd009_02_baseline_24_seq12,baseline_24_seq12,2,0.31111112236976624,1.1438781023025513,0.3333333432674408,1.1034549474716187
FND-009,fnd009_02_baseline_24_seq12,baseline_24_seq12,3,0.3222222328186035,1.1269010305404663,0.36666667461395264,1.0996042490005493
FND-009,fnd009_02_baseline_24_seq12,baseline_24_seq12,4,0.3444444537162781,1.104615569114685,0.3333333432674408,1.101228952407837
FND-009,fnd009_02_baseline_24_seq12,baseline_24_seq12,5,0.3333333432674408,1.1043250560760498,0.3333333432674408,1.104876160621643
FND-009,fnd009_02_baseline_24_seq12,baseline_24_seq12,6,0.3222222328186035,1.1164835691452026,0.3333333432674408,1.1012970209121704
FND-009,fnd009_02_baseline_24_seq12,baseline_24_seq12,7,0.3166666626930237,1.119895100593567,0.3333333432674408,1.0998984575271606
FND-009,fnd009_03_larger_32_seq20,larger_32_seq20,1,0.3499999940395355,1.1569843292236328,0.3333333432674408,1.1066795587539673
FND-009,fnd009_03_larger_32_seq20,larger_32_seq20,2,0.3444444537162781,1.1453392505645752,0.3333333432674408,1.1058298349380493
FND-009,fnd009_03_larger_32_seq20,larger_32_seq20,3,0.2888889014720917,1.138389229774475,0.3333333432674408,1.1008892059326172
FND-009,fnd009_03_larger_32_seq20,larger_32_seq20,4,0.3333333432674408,1.1354488134384155,0.3333333432674408,1.1108741760253906
FND-009,fnd009_03_larger_32_seq20,larger_32_seq20,5,0.35555556416511536,1.1154775619506836,0.3333333432674408,1.101918339729309
FND-009,fnd009_03_larger_32_seq20,larger_32_seq20,6,0.2777777910232544,1.1148205995559692,0.3333333432674408,1.1017611026763916
FND-009,fnd009_03_larger_32_seq20,larger_32_seq20,7,0.33888888359069824,1.1147453784942627,0.3333333432674408,1.1014193296432495
FND-009,fnd009_04_grayscale_24_seq12,grayscale_24_seq12,1,0.32777777314186096,1.1256413459777832,0.3333333432674408,1.102179765701294
FND-009,fnd009_04_grayscale_24_seq12,grayscale_24_seq12,2,0.2944444417953491,1.114561676979065,0.3333333432674408,1.1047708988189697
FND-009,fnd009_04_grayscale_24_seq12,grayscale_24_seq12,3,0.3499999940395355,1.110190749168396,0.3333333432674408,1.1024813652038574
FND-009,fnd009_04_grayscale_24_seq12,grayscale_24_seq12,4,0.32777777314186096,1.1057628393173218,0.3333333432674408,1.1007492542266846
FND-009,fnd009_04_grayscale_24_seq12,grayscale_24_seq12,5,0.3611111044883728,1.106798768043518,0.3333333432674408,1.1028213500976562
FND-009,fnd009_04_grayscale_24_seq12,grayscale_24_seq12,6,0.35555556416511536,1.10636568069458,0.3333333432674408,1.1028856039047241
FND-009,fnd009_04_grayscale_24_seq12,grayscale_24_seq12,7,0.32777777314186096,1.1362224817276,0.3333333432674408,1.1011817455291748
FND-009,fnd009_04_grayscale_24_seq12,grayscale_24_seq12,8,0.3333333432674408,1.1028867959976196,0.3333333432674408,1.1007652282714844
FND-010,fnd010_01_unscaled_images,unscaled_images,1,0.3499999940395355,97.2920150756836,0.3333333432674408,28.172094345092773
FND-010,fnd010_01_unscaled_images,unscaled_images,2,0.2944444417953491,52.03668212890625,0.3333333432674408,29.156583786010742
FND-010,fnd010_01_unscaled_images,unscaled_images,3,0.3222222328186035,22.290502548217773,0.3333333432674408,6.703794956207275
FND-010,fnd010_01_unscaled_images,unscaled_images,4,0.32777777314186096,4.0765557289123535,0.3333333432674408,1.099012017250061
FND-010,fnd010_01_unscaled_images,unscaled_images,5,0.3611111044883728,1.0987752676010132,0.3333333432674408,1.098778247833252
FND-010,fnd010_01_unscaled_images,unscaled_images,6,0.3055555522441864,1.0990580320358276,0.3333333432674408,1.0986007452011108
FND-010,fnd010_01_unscaled_images,unscaled_images,7,0.3499999940395355,1.0987544059753418,0.3333333432674408,1.0985581874847412
FND-010,fnd010_01_unscaled_images,unscaled_images,8,0.35555556416511536,1.0982410907745361,0.36666667461395264,1.0985980033874512
FND-010,fnd010_02_excessive_learning_rate,excessive_learning_rate,1,0.3166666626930237,75496.21875,0.3166666626930237,2608.829833984375
FND-010,fnd010_02_excessive_learning_rate,excessive_learning_rate,2,0.31111112236976624,493.8750305175781,0.3333333432674408,1.1457651853561401
FND-010,fnd010_02_excessive_learning_rate,excessive_learning_rate,3,0.3499999940395355,1.189527988433838,0.3333333432674408,1.170441746711731
FND-010,fnd010_02_excessive_learning_rate,excessive_learning_rate,4,0.2888889014720917,1.2143222093582153,0.3333333432674408,1.1213536262512207
FND-010,fnd010_02_excessive_learning_rate,excessive_learning_rate,5,0.33888888359069824,1.1057230234146118,0.3333333432674408,1.1136415004730225
FND-010,fnd010_02_excessive_learning_rate,excessive_learning_rate,6,0.3222222328186035,1.13113272190094,0.3333333432674408,1.1074411869049072
FND-010,fnd010_03_tiny_learning_rate,tiny_learning_rate,1,0.3333333432674408,1.1169376373291016,0.3333333432674408,1.116386890411377
FND-010,fnd010_03_tiny_learning_rate,tiny_learning_rate,2,0.36666667461395264,1.12564218044281,0.3333333432674408,1.1163853406906128
FND-010,fnd010_03_tiny_learning_rate,tiny_learning_rate,3,0.3444444537162781,1.1271586418151855,0.3333333432674408,1.116383671760559
FND-010,fnd010_03_tiny_learning_rate,tiny_learning_rate,4,0.3499999940395355,1.1177314519882202,0.3333333432674408,1.1163815259933472
FND-010,fnd010_03_tiny_learning_rate,tiny_learning_rate,5,0.36666667461395264,1.1204479932785034,0.3333333432674408,1.116379976272583
FND-010,fnd010_03_tiny_learning_rate,tiny_learning_rate,6,0.35555556416511536,1.1200727224349976,0.3333333432674408,1.116378664970398
FND-010,fnd010_03_tiny_learning_rate,tiny_learning_rate,7,0.32777777314186096,1.1330939531326294,0.3333333432674408,1.1163768768310547
FND-010,fnd010_03_tiny_learning_rate,tiny_learning_rate,8,0.3499999940395355,1.1205341815948486,0.3333333432674408,1.1163749694824219
FND-010,fnd010_04_excessive_dropout,excessive_dropout,1,0.3166666626930237,1.9075257778167725,0.3333333432674408,1.1053417921066284
FND-010,fnd010_04_excessive_dropout,excessive_dropout,2,0.39444443583488464,1.18348228931427,0.3333333432674408,1.099515676498413
FND-010,fnd010_04_excessive_dropout,excessive_dropout,3,0.3333333432674408,1.0976617336273193,0.3333333432674408,1.098638653755188
FND-010,fnd010_04_excessive_dropout,excessive_dropout,4,0.31111112236976624,1.0986475944519043,0.3333333432674408,1.0986346006393433
FND-010,fnd010_04_excessive_dropout,excessive_dropout,5,0.3444444537162781,1.0980618000030518,0.3333333432674408,1.0986415147781372
FND-010,fnd010_04_excessive_dropout,excessive_dropout,6,0.2777777910232544,1.100541114807129,0.3333333432674408,1.09864342212677
FND-010,fnd010_04_excessive_dropout,excessive_dropout,7,0.31111112236976624,1.0996884107589722,0.3333333432674408,1.098673939704895
FND-010,fnd010_05_misaligned_train_labels,misaligned_train_labels,1,0.3444444537162781,1.2273894548416138,0.3333333432674408,1.115290880203247
FND-010,fnd010_05_misaligned_train_labels,misaligned_train_labels,2,0.30000001192092896,1.2616801261901855,0.3333333432674408,1.1334773302078247
FND-010,fnd010_05_misaligned_train_labels,misaligned_train_labels,3,0.39444443583488464,1.135071873664856,0.3333333432674408,1.1142914295196533
FND-010,fnd010_05_misaligned_train_labels,misaligned_train_labels,4,0.30000001192092896,1.1244431734085083,0.3333333432674408,1.1008861064910889
FND-010,fnd010_05_misaligned_train_labels,misaligned_train_labels,5,0.3333333432674408,1.122338056564331,0.3333333432674408,1.1006107330322266
FND-010,fnd010_05_misaligned_train_labels,misaligned_train_labels,6,0.30000001192092896,1.1140893697738647,0.3333333432674408,1.1005845069885254
FND-010,fnd010_05_misaligned_train_labels,misaligned_train_labels,7,0.32777777314186096,1.1146948337554932,0.28333333134651184,1.1004048585891724
FND-010,fnd010_05_misaligned_train_labels,misaligned_train_labels,8,0.31111112236976624,1.1060593128204346,0.3333333432674408,1.10508131980896
FND-010,fnd010_05_misaligned_train_labels,misaligned_train_labels,9,0.3333333432674408,1.1153761148452759,0.3333333432674408,1.1089484691619873
FND-010,fnd010_05_misaligned_train_labels,misaligned_train_labels,10,0.3444444537162781,1.109310507774353,0.3333333432674408,1.1005505323410034
FND-010,fnd010_05_misaligned_train_labels,misaligned_train_labels,11,0.3166666626930237,1.101723551750183,0.3333333432674408,1.0992637872695923
FND-010,fnd010_05_misaligned_train_labels,misaligned_train_labels,12,0.3166666626930237,1.0991272926330566,0.3333333432674408,1.0999451875686646
FND-010,fnd010_06_sigmoid_activation,sigmoid_activation,1,0.35555556416511536,1.1439261436462402,0.3333333432674408,1.0993095636367798
FND-010,fnd010_06_sigmoid_activation,sigmoid_activation,2,0.31111112236976624,1.1338679790496826,0.3333333432674408,1.1058183908462524
FND-010,fnd010_06_sigmoid_activation,sigmoid_activation,3,0.32777777314186096,1.1287496089935303,0.3333333432674408,1.1007941961288452
FND-010,fnd010_06_sigmoid_activation,sigmoid_activation,4,0.3333333432674408,1.1188645362854004,0.3333333432674408,1.0995135307312012
